500
1 2 12.0
1 3 13.0
1 4 2.6
1 5 12.6
1 6 9.8
1 7 16.8
1 8 9.2
1 9 16.0
1 10 3.0
1 11 8.2
1 12 7.2
1 13 1.5
1 14 7.9
1 15 2.5
1 16 11.9
1 17 11.7
1 18 4.9
1 19 4.5
1 20 9.4
1 21 9.3
1 43 9.6
1 148 12.6
1 236 13.2
1 313 3.9
1 484 2.6
2 3 10.2
2 4 6.1
2 5 1.8
2 6 4.9
2 7 3.0
2 8 16.0
2 9 9.0
2 10 17.2
2 11 14.8
2 12 5.4
2 13 2.8
2 14 19.2
2 15 5.1
2 16 11.0
2 17 2.4
2 18 1.6
2 19 7.6
2 20 19.1
2 21 18.2
2 22 15.0
2 25 3.1
2 232 19.0
2 253 3.4
2 375 3.6
2 484 10.5
3 4 8.2
3 5 6.9
3 6 9.8
3 7 2.9
3 8 7.3
3 9 3.5
3 10 4.7
3 11 6.9
3 12 5.3
3 13 9.4
3 14 15.8
3 15 15.7
3 16 5.1
3 17 14.4
3 18 7.3
3 19 6.7
3 20 4.1
3 21 8.2
3 22 8.1
3 23 4.4
3 71 4.5
3 75 11.7
3 277 19.7
3 296 3.4
3 331 4.0
3 402 10.3
3 408 7.9
4 5 12.4
4 6 4.7
4 7 19.2
4 8 17.3
4 9 14.6
4 10 5.6
4 11 6.2
4 12 9.4
4 13 8.5
4 14 13.5
4 15 12.8
4 16 2.6
4 17 2.5
4 18 16.9
4 19 11.5
4 20 15.7
4 21 11.3
4 22 6.8
4 23 12.1
4 24 8.0
4 52 7.5
4 133 4.3
4 178 10.2
4 194 3.2
4 202 13.3
4 265 10.7
4 398 12.5
4 467 14.9
4 469 19.0
4 474 18.3
5 6 10.2
5 7 5.0
5 8 1.6
5 9 15.7
5 10 9.5
5 11 3.8
5 12 2.9
5 13 3.2
5 14 17.1
5 15 10.5
5 16 5.0
5 17 7.5
5 18 10.6
5 19 18.8
5 20 8.3
5 21 17.5
5 22 16.2
5 23 17.8
5 24 18.9
5 25 17.2
5 217 19.6
5 238 16.7
5 252 18.9
5 258 13.0
5 309 1.4
6 7 7.8
6 8 11.0
6 9 14.3
6 10 19.1
6 11 13.6
6 12 6.7
6 13 17.0
6 14 14.2
6 15 4.3
6 16 7.1
6 17 3.4
6 18 19.3
6 19 13.8
6 20 9.1
6 21 12.5
6 22 11.5
6 23 2.0
6 24 11.2
6 25 10.1
6 26 13.7
6 57 9.5
6 136 2.4
6 303 11.1
7 8 17.1
7 9 11.4
7 10 4.7
7 11 7.8
7 12 7.8
7 13 11.9
7 14 12.2
7 15 14.8
7 16 2.2
7 17 6.4
7 18 12.9
7 19 19.0
7 20 10.2
7 21 12.6
7 22 4.3
7 23 7.1
7 24 10.5
7 25 14.3
7 26 9.1
7 27 5.3
7 193 14.2
7 291 11.7
7 337 11.1
8 9 9.0
8 10 18.5
8 11 4.0
8 12 6.0
8 13 12.5
8 14 8.0
8 15 15.4
8 16 8.9
8 17 11.1
8 18 11.1
8 19 2.8
8 20 10.6
8 21 18.1
8 22 19.9
8 23 8.4
8 24 7.8
8 25 11.8
8 26 18.5
8 27 13.1
8 28 8.4
8 34 9.7
8 75 3.2
8 77 6.6
8 85 14.9
8 101 1.1
8 156 13.2
8 217 2.6
8 234 15.4
8 280 10.2
8 360 4.3
8 365 1.5
8 396 10.0
8 428 13.4
8 449 16.5
9 10 17.0
9 11 10.8
9 12 3.0
9 13 19.6
9 14 2.3
9 15 7.3
9 16 4.6
9 17 12.5
9 18 7.9
9 19 1.9
9 20 18.2
9 21 15.7
9 22 4.6
9 23 8.5
9 24 3.2
9 25 11.1
9 26 11.3
9 27 15.3
9 28 10.3
9 29 13.6
9 82 1.4
9 91 9.3
9 210 11.7
9 271 10.5
10 11 13.3
10 12 17.1
10 13 1.7
10 14 18.0
10 15 4.3
10 16 5.5
10 17 14.0
10 18 13.5
10 19 2.3
10 20 2.3
10 21 3.0
10 22 16.7
10 23 5.4
10 24 12.4
10 25 9.1
10 26 3.9
10 27 19.7
10 28 18.4
10 29 15.0
10 30 14.0
10 108 10.4
10 217 9.6
10 220 7.4
10 231 19.2
10 272 2.4
10 480 6.4
11 12 12.2
11 13 14.7
11 14 8.9
11 15 6.3
11 16 4.5
11 17 7.7
11 18 5.0
11 19 11.6
11 20 6.0
11 21 14.7
11 22 19.0
11 23 15.0
11 24 5.5
11 25 16.3
11 26 3.1
11 27 8.9
11 28 9.3
11 29 10.7
11 30 17.6
11 31 1.8
11 95 5.6
11 187 18.5
11 212 17.5
11 422 2.0
12 13 13.3
12 14 2.4
12 15 18.7
12 16 13.3
12 17 3.4
12 18 16.9
12 19 4.3
12 20 2.7
12 21 17.4
12 22 8.4
12 23 9.3
12 24 7.5
12 25 18.7
12 26 3.6
12 27 6.4
12 28 18.8
12 29 8.3
12 30 14.4
12 31 3.6
12 32 12.7
12 220 1.1
12 327 13.5
12 345 6.6
13 14 10.7
13 15 15.2
13 16 13.6
13 17 10.9
13 18 15.3
13 19 5.1
13 20 16.3
13 21 14.9
13 22 15.7
13 23 19.7
13 24 16.9
13 25 9.0
13 26 14.2
13 27 13.7
13 28 9.1
13 29 17.1
13 30 19.1
13 31 5.2
13 32 6.0
13 33 2.4
13 190 9.3
13 215 6.8
13 274 3.9
13 338 19.5
13 395 2.7
13 469 1.8
14 15 14.7
14 16 20.0
14 17 10.2
14 18 10.8
14 19 9.6
14 20 10.1
14 21 16.6
14 22 3.0
14 23 1.2
14 24 18.5
14 25 3.9
14 26 10.2
14 27 12.1
14 28 5.3
14 29 3.7
14 30 12.0
14 31 12.5
14 32 19.9
14 33 17.0
14 34 19.6
14 105 19.5
14 163 1.7
14 188 17.1
14 220 6.6
14 267 7.5
14 319 17.7
14 363 8.9
14 462 13.8
15 16 12.2
15 17 5.4
15 18 4.2
15 19 16.3
15 20 5.2
15 21 14.4
15 22 12.4
15 23 1.6
15 24 12.1
15 25 6.7
15 26 1.3
15 27 15.2
15 28 10.2
15 29 15.2
15 30 6.8
15 31 5.9
15 32 8.8
15 33 3.9
15 34 6.4
15 35 5.9
15 201 17.5
15 225 6.7
15 307 15.6
15 329 13.7
15 334 4.8
15 348 12.4
15 373 3.0
15 410 9.9
15 434 10.2
16 17 9.3
16 18 15.9
16 19 11.0
16 20 16.5
16 21 9.5
16 22 17.1
16 23 1.9
16 24 6.0
16 25 9.1
16 26 14.9
16 27 19.8
16 28 3.9
16 29 7.4
16 30 7.9
16 31 8.1
16 32 15.4
16 33 18.2
16 34 6.1
16 35 9.8
16 36 16.2
16 133 13.5
16 266 19.8
16 269 7.4
16 339 3.1
16 420 7.0
17 18 4.0
17 19 15.1
17 20 4.3
17 21 5.4
17 22 14.6
17 23 2.3
17 24 5.2
17 25 3.4
17 26 13.4
17 27 7.4
17 28 16.8
17 29 1.3
17 30 3.6
17 31 2.7
17 32 4.5
17 33 8.5
17 34 12.3
17 35 11.8
17 36 13.8
17 37 16.5
17 44 1.1
17 122 11.1
17 212 14.7
17 250 2.3
17 328 9.8
17 361 9.0
17 435 19.2
17 498 12.2
18 19 7.5
18 20 9.0
18 21 6.0
18 22 14.6
18 23 9.7
18 24 3.9
18 25 8.3
18 26 19.8
18 27 13.0
18 28 12.0
18 29 2.4
18 30 14.9
18 31 18.6
18 32 15.8
18 33 12.2
18 34 18.2
18 35 4.0
18 36 14.5
18 37 19.7
18 38 19.7
18 74 11.2
18 172 2.3
18 415 18.1
19 20 10.7
19 21 17.5
19 22 5.7
19 23 4.1
19 24 9.7
19 25 10.9
19 26 17.6
19 27 3.3
19 28 4.0
19 29 7.7
19 30 14.6
19 31 10.9
19 32 14.3
19 33 9.0
19 34 4.1
19 35 11.7
19 36 16.6
19 37 11.4
19 38 8.3
19 39 1.6
19 84 6.0
19 111 9.8
19 116 4.9
19 161 16.0
19 306 4.4
19 385 16.2
19 403 1.6
20 21 8.5
20 22 11.6
20 23 9.0
20 24 5.4
20 25 18.6
20 26 8.8
20 27 7.4
20 28 10.6
20 29 4.7
20 30 5.1
20 31 8.3
20 32 5.2
20 33 17.5
20 34 19.2
20 35 1.6
20 36 13.6
20 37 13.2
20 38 3.3
20 39 1.9
20 40 15.4
20 178 3.7
20 264 9.9
20 360 3.1
20 400 16.8
20 426 6.6
20 447 14.7
20 459 6.1
21 22 3.2
21 23 17.7
21 24 12.6
21 25 3.8
21 26 19.0
21 27 14.4
21 28 10.7
21 29 3.4
21 30 6.4
21 31 19.6
21 32 13.4
21 33 5.1
21 34 6.5
21 35 12.8
21 36 3.3
21 37 6.7
21 38 5.5
21 39 14.7
21 40 13.0
21 41 2.6
21 75 8.2
21 334 8.1
21 350 4.3
21 497 17.9
22 23 18.1
22 24 11.7
22 25 15.4
22 26 8.5
22 27 3.5
22 28 14.2
22 29 17.2
22 30 4.8
22 31 12.2
22 32 12.4
22 33 18.7
22 34 5.3
22 35 10.6
22 36 13.2
22 37 12.6
22 38 14.7
22 39 1.8
22 40 7.3
22 41 5.1
22 42 11.2
22 70 17.9
22 158 4.3
22 204 2.2
22 369 5.3
22 457 8.8
22 494 9.9
23 24 1.6
23 25 15.8
23 26 4.1
23 27 2.2
23 28 10.0
23 29 18.3
23 30 3.3
23 31 5.7
23 32 13.5
23 33 13.4
23 34 2.0
23 35 16.5
23 36 2.5
23 37 4.2
23 38 18.6
23 39 15.9
23 40 5.9
23 41 9.1
23 42 3.6
23 43 18.1
23 56 1.8
23 155 19.3
23 182 18.0
23 183 14.6
23 231 10.4
23 261 16.0
23 344 5.3
23 472 3.2
24 25 8.9
24 26 18.8
24 27 16.2
24 28 6.5
24 29 5.3
24 30 16.5
24 31 3.8
24 32 18.7
24 33 16.3
24 34 15.8
24 35 14.5
24 36 17.4
24 37 1.5
24 38 2.5
24 39 3.4
24 40 16.0
24 41 11.1
24 42 6.6
24 43 2.7
24 44 18.5
24 157 15.7
24 178 17.7
24 223 16.9
24 304 12.6
24 320 18.1
24 389 9.9
25 26 17.0
25 27 4.9
25 28 6.6
25 29 19.5
25 30 2.2
25 31 2.2
25 32 11.0
25 33 6.3
25 34 12.2
25 35 10.1
25 36 9.4
25 37 7.8
25 38 10.8
25 39 11.9
25 40 16.4
25 41 8.2
25 42 9.0
25 43 18.3
25 44 10.2
25 45 15.3
25 113 9.9
25 118 17.9
25 174 11.1
25 368 11.2
25 369 7.3
25 381 15.4
25 483 4.9
26 27 16.3
26 28 5.4
26 29 16.1
26 30 17.1
26 31 8.3
26 32 19.7
26 33 13.7
26 34 4.6
26 35 18.3
26 36 1.8
26 37 1.1
26 38 10.0
26 39 12.3
26 40 2.6
26 41 16.2
26 42 2.4
26 43 10.5
26 44 2.2
26 45 6.6
26 46 8.5
26 194 18.4
26 223 13.7
26 229 15.2
26 263 15.7
26 371 16.2
26 375 13.0
26 438 16.9
26 499 12.0
27 28 4.1
27 29 6.8
27 30 18.2
27 31 3.2
27 32 13.2
27 33 16.4
27 34 2.2
27 35 15.5
27 36 13.1
27 37 9.6
27 38 4.5
27 39 18.5
27 40 13.2
27 41 9.3
27 42 16.2
27 43 19.0
27 44 6.3
27 45 8.7
27 46 13.2
27 47 8.1
27 203 3.4
27 338 6.6
27 457 1.8
27 490 12.6
28 29 17.4
28 30 4.2
28 31 17.1
28 32 5.3
28 33 19.3
28 34 19.4
28 35 9.6
28 36 15.8
28 37 2.4
28 38 13.0
28 39 7.2
28 40 1.1
28 41 12.0
28 42 1.8
28 43 9.8
28 44 10.8
28 45 3.7
28 46 7.6
28 47 1.7
28 48 8.3
28 81 14.8
28 224 14.3
28 243 7.4
28 273 8.6
28 293 7.9
28 382 7.3
28 414 9.8
28 460 18.7
29 30 12.8
29 31 3.6
29 32 2.7
29 33 11.3
29 34 12.4
29 35 9.1
29 36 14.0
29 37 18.6
29 38 17.5
29 39 4.0
29 40 6.9
29 41 9.1
29 42 13.3
29 43 7.4
29 44 12.3
29 45 3.1
29 46 12.8
29 47 15.7
29 48 18.6
29 49 11.6
29 301 7.6
29 347 16.7
29 365 4.7
29 402 10.8
29 427 16.7
29 467 4.6
30 31 17.9
30 32 10.7
30 33 6.4
30 34 3.5
30 35 10.0
30 36 10.4
30 37 9.2
30 38 1.4
30 39 14.7
30 40 17.2
30 41 7.6
30 42 5.5
30 43 16.7
30 44 1.0
30 45 7.6
30 46 7.4
30 47 18.4
30 48 15.6
30 49 19.1
30 50 17.8
30 137 6.4
30 163 5.6
30 284 12.6
30 311 13.6
30 384 4.3
31 32 14.1
31 33 16.5
31 34 11.1
31 35 2.4
31 36 1.1
31 37 6.6
31 38 18.7
31 39 12.1
31 40 15.5
31 41 10.8
31 42 5.9
31 43 6.6
31 44 8.8
31 45 12.5
31 46 12.3
31 47 17.5
31 48 2.6
31 49 17.4
31 50 1.2
31 51 14.6
31 64 7.5
31 106 16.0
31 161 5.1
31 167 10.3
31 311 14.3
31 403 17.8
31 461 19.7
31 473 2.1
31 475 10.2
32 33 4.5
32 34 12.6
32 35 5.9
32 36 11.3
32 37 9.5
32 38 13.1
32 39 11.3
32 40 9.7
32 41 12.3
32 42 6.4
32 43 2.3
32 44 3.1
32 45 4.3
32 46 18.1
32 47 14.4
32 48 8.9
32 49 11.8
32 50 10.7
32 51 16.4
32 52 12.2
32 226 8.4
32 302 17.3
32 478 6.9
32 500 13.7
33 34 3.2
33 35 12.3
33 36 14.1
33 37 2.0
33 38 18.9
33 39 19.1
33 40 6.8
33 41 10.5
33 42 15.3
33 43 6.6
33 44 14.2
33 45 14.6
33 46 17.3
33 47 11.1
33 48 7.9
33 49 9.6
33 50 13.3
33 51 19.0
33 52 13.7
33 53 11.0
33 327 11.4
33 348 7.7
34 35 3.9
34 36 17.3
34 37 3.1
34 38 12.6
34 39 8.9
34 40 6.2
34 41 17.7
34 42 12.5
34 43 16.9
34 44 18.5
34 45 6.0
34 46 1.2
34 47 8.0
34 48 14.2
34 49 12.7
34 50 11.2
34 51 8.5
34 52 10.7
34 53 18.3
34 54 4.9
34 73 15.0
34 77 15.6
34 149 16.8
34 421 15.7
35 36 7.8
35 37 13.0
35 38 13.0
35 39 8.0
35 40 15.3
35 41 4.6
35 42 1.9
35 43 10.3
35 44 4.4
35 45 6.3
35 46 7.9
35 47 11.3
35 48 9.1
35 49 18.6
35 50 13.8
35 51 16.5
35 52 4.6
35 53 7.2
35 54 9.6
35 55 11.1
35 174 12.1
35 286 13.8
35 437 6.5
36 37 11.7
36 38 2.8
36 39 1.1
36 40 6.7
36 41 14.2
36 42 16.2
36 43 11.6
36 44 17.5
36 45 15.6
36 46 12.0
36 47 2.4
36 48 12.7
36 49 13.0
36 50 3.0
36 51 2.2
36 52 4.8
36 53 13.2
36 54 15.6
36 55 4.6
36 56 17.8
36 109 4.3
36 190 5.5
36 194 14.2
36 214 13.6
36 414 4.8
36 477 3.6
36 499 12.3
37 38 6.7
37 39 8.7
37 40 17.7
37 41 15.9
37 42 4.0
37 43 13.7
37 44 17.4
37 45 11.8
37 46 14.6
37 47 5.7
37 48 9.0
37 49 15.0
37 50 6.7
37 51 3.6
37 52 6.3
37 53 14.9
37 54 11.9
37 55 1.1
37 56 18.3
37 57 15.1
37 63 5.2
37 136 4.6
37 173 13.0
37 211 9.9
37 276 16.5
37 286 5.5
38 39 20.0
38 40 11.7
38 41 18.3
38 42 10.4
38 43 7.8
38 44 5.8
38 45 4.1
38 46 4.1
38 47 4.3
38 48 9.1
38 49 1.2
38 50 15.1
38 51 12.7
38 52 8.1
38 53 4.3
38 54 14.7
38 55 19.0
38 56 15.3
38 57 19.8
38 58 12.9
38 74 11.6
38 120 5.1
38 138 16.5
38 391 3.2
38 431 19.3
39 40 17.1
39 41 2.2
39 42 9.1
39 43 12.7
39 44 15.5
39 45 4.7
39 46 5.4
39 47 8.2
39 48 16.7
39 49 17.6
39 50 1.4
39 51 6.7
39 52 5.2
39 53 2.7
39 54 6.1
39 55 11.8
39 56 11.2
39 57 16.0
39 58 5.2
39 59 6.8
39 85 12.4
39 129 3.7
39 292 19.3
39 370 6.1
40 41 9.1
40 42 12.9
40 43 15.0
40 44 2.2
40 45 12.0
40 46 3.2
40 47 19.7
40 48 10.8
40 49 6.2
40 50 17.8
40 51 18.6
40 52 8.7
40 53 9.9
40 54 16.4
40 55 12.5
40 56 8.3
40 57 13.7
40 58 2.0
40 59 11.2
40 60 16.4
40 219 1.3
40 335 6.3
40 392 15.7
40 407 11.3
41 42 8.8
41 43 8.1
41 44 19.0
41 45 9.5
41 46 5.3
41 47 2.4
41 48 16.7
41 49 1.7
41 50 7.9
41 51 7.4
41 52 4.9
41 53 4.4
41 54 11.5
41 55 2.8
41 56 11.8
41 57 1.8
41 58 9.0
41 59 1.2
41 60 19.0
41 61 12.0
41 68 15.9
41 173 11.3
41 177 15.8
41 222 17.2
41 302 10.2
41 321 6.1
41 450 1.6
42 43 10.8
42 44 15.2
42 45 19.1
42 46 6.0
42 47 15.9
42 48 8.5
42 49 11.1
42 50 19.5
42 51 7.1
42 52 8.9
42 53 5.8
42 54 1.0
42 55 14.6
42 56 13.0
42 57 15.0
42 58 19.1
42 59 18.5
42 60 17.8
42 61 16.9
42 62 14.5
42 82 16.6
42 246 5.3
42 267 18.7
42 343 11.2
43 44 17.1
43 45 15.4
43 46 16.0
43 47 19.0
43 48 5.3
43 49 13.8
43 50 16.3
43 51 19.3
43 52 12.1
43 53 3.8
43 54 3.8
43 55 4.2
43 56 9.0
43 57 6.0
43 58 16.0
43 59 1.7
43 60 4.0
43 61 4.6
43 62 4.2
43 63 9.9
43 124 17.8
43 157 8.4
43 170 15.8
43 184 18.2
43 233 9.8
43 278 11.2
43 383 3.3
43 398 7.8
43 455 4.1
43 500 17.2
44 45 11.4
44 46 15.3
44 47 20.0
44 48 6.1
44 49 14.3
44 50 15.0
44 51 16.3
44 52 5.2
44 53 17.9
44 54 12.1
44 55 16.2
44 56 1.3
44 57 10.4
44 58 10.0
44 59 13.2
44 60 2.9
44 61 12.8
44 62 15.4
44 63 13.4
44 64 3.5
44 113 5.3
44 161 2.2
44 263 13.7
44 419 3.8
45 46 12.9
45 47 5.0
45 48 7.7
45 49 10.6
45 50 7.5
45 51 18.4
45 52 13.1
45 53 17.8
45 54 8.5
45 55 3.4
45 56 12.7
45 57 7.3
45 58 11.1
45 59 18.1
45 60 14.2
45 61 8.7
45 62 15.6
45 63 5.4
45 64 10.4
45 65 3.3
45 78 8.8
45 150 11.1
45 188 19.9
45 323 8.3
45 355 19.6
45 357 5.6
46 47 10.4
46 48 5.6
46 49 1.0
46 50 6.5
46 51 18.0
46 52 10.6
46 53 15.0
46 54 4.8
46 55 6.8
46 56 6.4
46 57 13.1
46 58 15.7
46 59 8.4
46 60 5.6
46 61 8.3
46 62 12.3
46 63 11.1
46 64 9.6
46 65 3.6
46 66 12.6
46 107 11.8
46 122 6.0
46 272 1.1
46 405 11.5
47 48 9.2
47 49 2.2
47 50 4.0
47 51 11.4
47 52 19.6
47 53 14.4
47 54 12.0
47 55 18.5
47 56 15.1
47 57 12.1
47 58 13.9
47 59 7.3
47 60 4.0
47 61 14.3
47 62 8.6
47 63 9.4
47 64 7.5
47 65 16.6
47 66 17.6
47 67 13.2
47 212 16.7
47 218 2.1
47 222 11.3
47 302 8.6
47 376 5.0
47 387 7.9
47 390 10.8
48 49 12.4
48 50 7.6
48 51 18.5
48 52 5.9
48 53 19.2
48 54 16.5
48 55 8.6
48 56 17.8
48 57 16.2
48 58 11.5
48 59 4.8
48 60 6.8
48 61 13.2
48 62 1.8
48 63 19.0
48 64 9.6
48 65 7.3
48 66 5.9
48 67 12.6
48 68 7.3
48 108 2.3
48 167 3.3
48 169 14.4
48 206 13.6
48 279 17.9
48 292 19.5
48 320 9.0
48 321 11.9
48 361 10.5
48 421 11.7
48 454 19.6
48 483 14.8
49 50 6.3
49 51 14.2
49 52 5.9
49 53 8.7
49 54 11.1
49 55 4.7
49 56 6.5
49 57 4.5
49 58 13.7
49 59 15.4
49 60 11.4
49 61 18.2
49 62 15.5
49 63 15.5
49 64 16.9
49 65 9.0
49 66 8.0
49 67 12.1
49 68 9.0
49 69 12.1
49 119 4.5
49 196 14.0
49 298 16.6
49 351 2.7
49 371 10.0
49 421 11.8
49 437 4.5
50 51 6.3
50 52 11.8
50 53 10.4
50 54 7.4
50 55 11.6
50 56 13.2
50 57 8.2
50 58 2.3
50 59 15.0
50 60 6.3
50 61 4.3
50 62 11.2
50 63 8.6
50 64 18.4
50 65 10.1
50 66 8.7
50 67 13.9
50 68 17.6
50 69 15.9
50 70 15.5
50 223 6.3
50 239 9.5
50 415 14.3
50 422 6.9
51 52 14.5
51 53 18.7
51 54 3.9
51 55 2.8
51 56 14.2
51 57 12.1
51 58 15.7
51 59 8.6
51 60 9.1
51 61 15.1
51 62 8.3
51 63 2.2
51 64 15.7
51 65 17.5
51 66 5.1
51 67 5.9
51 68 18.9
51 69 2.3
51 70 18.5
51 71 9.1
51 177 5.0
51 218 11.5
51 250 12.1
51 442 1.3
52 53 17.7
52 54 4.2
52 55 3.1
52 56 18.8
52 57 17.9
52 58 8.4
52 59 6.6
52 60 14.6
52 61 12.9
52 62 5.5
52 63 7.4
52 64 4.7
52 65 2.0
52 66 14.8
52 67 5.1
52 68 17.7
52 69 12.1
52 70 18.2
52 71 4.8
52 72 18.7
52 92 6.8
52 104 2.6
52 159 11.5
52 175 16.4
52 229 3.3
52 290 12.5
53 54 11.7
53 55 9.3
53 56 18.4
53 57 6.9
53 58 17.9
53 59 7.8
53 60 17.2
53 61 14.6
53 62 6.1
53 63 14.4
53 64 16.9
53 65 19.8
53 66 13.0
53 67 3.3
53 68 1.2
53 69 7.6
53 70 1.4
53 71 15.9
53 72 4.0
53 73 9.2
53 168 15.1
53 231 18.5
53 303 7.4
53 386 12.0
53 390 9.4
54 55 14.3
54 56 10.2
54 57 14.7
54 58 14.9
54 59 15.8
54 60 6.3
54 61 13.7
54 62 3.0
54 63 14.1
54 64 7.8
54 65 1.7
54 66 8.8
54 67 5.1
54 68 8.8
54 69 13.2
54 70 4.5
54 71 2.9
54 72 10.5
54 73 16.7
54 74 15.4
54 158 18.2
54 260 15.2
54 263 19.9
54 314 12.4
54 336 19.8
54 491 9.8
54 499 15.0
55 56 13.7
55 57 16.9
55 58 12.7
55 59 10.8
55 60 3.1
55 61 1.3
55 62 13.1
55 63 18.5
55 64 9.7
55 65 18.5
55 66 16.4
55 67 11.1
55 68 6.2
55 69 14.6
55 70 11.9
55 71 15.8
55 72 14.6
55 73 4.4
55 74 15.4
55 75 5.0
55 126 7.2
55 270 17.1
55 287 13.3
55 306 16.3
55 321 5.0
56 57 8.8
56 58 14.3
56 59 15.3
56 60 11.8
56 61 19.6
56 62 11.4
56 63 14.6
56 64 18.7
56 65 16.4
56 66 10.2
56 67 2.2
56 68 2.3
56 69 5.9
56 70 12.3
56 71 18.8
56 72 7.5
56 73 16.1
56 74 16.5
56 75 3.5
56 76 7.8
56 181 13.7
56 252 14.7
56 361 3.0
56 437 11.4
57 58 3.0
57 59 11.8
57 60 12.7
57 61 7.3
57 62 4.5
57 63 5.8
57 64 19.8
57 65 19.9
57 66 18.5
57 67 7.5
57 68 12.3
57 69 5.2
57 70 12.3
57 71 1.7
57 72 13.2
57 73 13.5
57 74 17.2
57 75 14.9
57 76 4.9
57 77 19.8
57 104 11.2
57 113 11.2
57 116 17.0
57 170 13.9
57 240 16.5
57 467 1.5
58 59 13.8
58 60 9.9
58 61 4.0
58 62 17.0
58 63 9.3
58 64 11.9
58 65 19.1
58 66 9.5
58 67 11.2
58 68 9.2
58 69 2.1
58 70 5.7
58 71 15.3
58 72 2.4
58 73 1.6
58 74 17.3
58 75 9.7
58 76 17.8
58 77 18.1
58 78 7.5
58 263 9.3
58 273 9.3
58 307 3.3
58 313 1.3
58 481 14.9
59 60 10.0
59 61 14.5
59 62 6.3
59 63 10.3
59 64 9.9
59 65 14.5
59 66 2.7
59 67 19.1
59 68 4.5
59 69 1.8
59 70 4.6
59 71 5.4
59 72 1.1
59 73 17.9
59 74 6.0
59 75 12.6
59 76 11.1
59 77 6.9
59 78 7.6
59 79 4.5
59 187 13.7
59 207 9.6
59 470 1.4
60 61 7.6
60 62 19.0
60 63 13.9
60 64 2.2
60 65 14.2
60 66 12.8
60 67 12.5
60 68 6.2
60 69 8.0
60 70 5.2
60 71 18.1
60 72 19.7
60 73 7.4
60 74 3.5
60 75 13.2
60 76 7.9
60 77 13.5
60 78 10.1
60 79 16.4
60 80 3.0
60 226 16.9
60 277 19.2
60 385 18.6
60 429 4.3
60 449 15.9
61 62 8.1
61 63 13.2
61 64 14.4
61 65 1.7
61 66 7.3
61 67 20.0
61 68 15.3
61 69 17.5
61 70 19.6
61 71 17.6
61 72 9.4
61 73 14.4
61 74 3.7
61 75 16.3
61 76 4.6
61 77 9.0
61 78 6.3
61 79 11.8
61 80 16.0
61 81 5.9
61 107 2.9
61 221 14.4
61 299 18.9
61 441 3.8
62 63 3.8
62 64 15.1
62 65 4.3
62 66 1.2
62 67 14.5
62 68 1.8
62 69 10.4
62 70 8.1
62 71 11.4
62 72 14.2
62 73 12.8
62 74 13.0
62 75 11.8
62 76 8.1
62 77 6.6
62 78 1.3
62 79 6.9
62 80 8.7
62 81 16.3
62 82 17.7
62 157 19.3
62 159 10.5
62 166 18.8
62 231 1.8
62 433 12.9
63 64 7.2
63 65 7.3
63 66 1.0
63 67 5.5
63 68 15.6
63 69 1.2
63 70 4.6
63 71 1.3
63 72 14.7
63 73 5.2
63 74 9.3
63 75 1.7
63 76 2.1
63 77 19.1
63 78 4.0
63 79 12.1
63 80 4.2
63 81 1.8
63 82 17.6
63 83 9.0
63 97 6.4
64 65 14.9
64 66 4.6
64 67 3.1
64 68 17.0
64 69 13.8
64 70 19.2
64 71 9.8
64 72 9.1
64 73 4.7
64 74 8.6
64 75 4.3
64 76 6.3
64 77 8.4
64 78 1.9
64 79 11.8
64 80 10.1
64 81 18.0
64 82 14.1
64 83 2.9
64 84 13.6
64 101 4.0
64 228 6.9
64 405 12.4
65 66 14.3
65 67 12.3
65 68 18.7
65 69 5.7
65 70 14.8
65 71 7.9
65 72 12.7
65 73 17.0
65 74 17.0
65 75 19.4
65 76 14.0
65 77 11.9
65 78 3.4
65 79 12.7
65 80 18.7
65 81 8.9
65 82 6.7
65 83 15.5
65 84 9.6
65 85 13.1
65 172 7.5
65 250 14.4
65 270 18.9
65 302 14.5
65 332 7.4
65 439 3.1
65 453 9.0
66 67 12.0
66 68 9.0
66 69 12.2
66 70 15.5
66 71 12.4
66 72 10.6
66 73 16.6
66 74 19.8
66 75 2.4
66 76 6.4
66 77 2.3
66 78 9.8
66 79 8.3
66 80 19.7
66 81 12.8
66 82 10.5
66 83 11.7
66 84 8.6
66 85 9.3
66 86 6.3
66 97 5.8
66 109 15.5
66 269 19.3
66 274 3.8
66 330 15.0
66 448 11.0
67 68 5.3
67 69 18.8
67 70 14.9
67 71 15.2
67 72 6.4
67 73 15.6
67 74 17.4
67 75 5.5
67 76 19.2
67 77 12.5
67 78 19.3
67 79 8.1
67 80 1.5
67 81 10.2
67 82 10.7
67 83 13.0
67 84 8.3
67 85 4.6
67 86 9.9
67 87 7.5
67 88 6.8
67 155 6.6
67 168 17.9
67 258 18.2
67 367 15.1
67 370 14.5
67 401 3.5
67 406 10.0
67 457 12.7
68 69 2.6
68 70 4.7
68 71 5.8
68 72 17.8
68 73 12.6
68 74 12.5
68 75 9.0
68 76 10.3
68 77 8.1
68 78 19.8
68 79 9.7
68 80 14.0
68 81 2.5
68 82 18.5
68 83 18.5
68 84 2.6
68 85 15.7
68 86 6.4
68 87 6.0
68 88 13.3
68 98 5.9
68 125 5.0
68 143 7.8
68 160 1.3
68 212 19.4
68 310 18.0
68 403 19.9
68 467 11.3
69 70 9.3
69 71 7.5
69 72 17.9
69 73 19.5
69 74 3.0
69 75 1.7
69 76 19.9
69 77 14.0
69 78 5.1
69 79 10.4
69 80 9.6
69 81 2.8
69 82 13.1
69 83 13.6
69 84 4.6
69 85 15.5
69 86 8.7
69 87 5.1
69 88 3.9
69 89 15.4
69 122 4.9
69 129 1.4
69 135 12.9
69 138 19.9
69 142 1.7
69 158 13.5
69 165 11.4
69 223 7.0
69 226 16.7
69 380 15.2
69 413 3.3
70 71 14.6
70 72 13.4
70 73 15.0
70 74 5.1
70 75 17.4
70 76 1.9
70 77 16.3
70 78 8.7
70 79 9.1
70 80 3.9
70 81 14.7
70 82 17.3
70 83 19.5
70 84 18.1
70 85 9.4
70 86 9.9
70 87 1.2
70 88 5.9
70 89 14.2
70 90 16.9
70 249 10.1
71 72 2.2
71 73 19.0
71 74 5.8
71 75 14.7
71 76 9.4
71 77 17.7
71 78 9.3
71 79 11.8
71 80 11.6
71 81 4.2
71 82 10.4
71 83 3.1
71 84 11.6
71 85 1.5
71 86 3.4
71 87 6.0
71 88 2.6
71 89 17.0
71 90 9.0
71 91 15.6
71 236 8.4
71 259 15.6
71 277 15.4
71 345 6.8
72 73 11.2
72 74 5.5
72 75 16.2
72 76 15.0
72 77 12.9
72 78 18.4
72 79 18.3
72 80 18.8
72 81 12.7
72 82 13.4
72 83 15.5
72 84 15.3
72 85 12.9
72 86 5.2
72 87 18.3
72 88 15.2
72 89 5.6
72 90 18.5
72 91 11.6
72 92 8.4
72 128 19.8
72 415 10.7
72 482 14.5
73 74 1.4
73 75 12.9
73 76 5.9
73 77 12.6
73 78 10.7
73 79 11.5
73 80 19.8
73 81 12.4
73 82 13.7
73 83 17.7
73 84 10.4
73 85 11.0
73 86 18.5
73 87 6.5
73 88 2.8
73 89 4.8
73 90 4.0
73 91 4.2
73 92 14.9
73 93 13.2
73 152 9.1
73 321 9.6
73 331 19.6
73 337 19.4
73 432 2.2
73 475 2.5
74 75 5.6
74 76 13.4
74 77 16.9
74 78 6.7
74 79 4.7
74 80 12.2
74 81 12.3
74 82 13.0
74 83 10.9
74 84 8.2
74 85 2.8
74 86 9.6
74 87 11.8
74 88 18.3
74 89 7.9
74 90 4.0
74 91 13.8
74 92 6.3
74 93 10.1
74 94 19.3
74 195 2.2
74 307 19.4
74 353 18.6
74 489 14.3
75 76 13.9
75 77 15.2
75 78 1.4
75 79 8.5
75 80 4.0
75 81 5.7
75 82 4.7
75 83 8.3
75 84 9.2
75 85 2.5
75 86 8.0
75 87 16.1
75 88 19.9
75 89 2.0
75 90 11.4
75 91 13.3
75 92 9.2
75 93 16.5
75 94 13.9
75 95 3.5
75 277 19.6
75 403 9.8
76 77 9.3
76 78 2.5
76 79 10.3
76 80 6.8
76 81 19.4
76 82 5.0
76 83 8.8
76 84 14.9
76 85 1.8
76 86 13.5
76 87 5.4
76 88 10.5
76 89 11.7
76 90 16.1
76 91 2.5
76 92 5.2
76 93 19.3
76 94 4.0
76 95 14.1
76 96 18.8
76 130 8.9
76 171 19.2
76 195 19.0
76 218 7.8
76 488 9.0
76 499 10.2
77 78 8.3
77 79 10.8
77 80 2.3
77 81 6.8
77 82 6.3
77 83 14.2
77 84 12.4
77 85 8.3
77 86 8.2
77 87 3.4
77 88 13.2
77 89 7.7
77 90 7.9
77 91 18.8
77 92 14.8
77 93 2.2
77 94 15.9
77 95 2.9
77 96 18.2
77 97 1.4
77 120 5.7
77 395 2.5
78 79 5.1
78 80 15.1
78 81 2.5
78 82 2.9
78 83 15.4
78 84 13.2
78 85 9.1
78 86 2.2
78 87 8.0
78 88 17.0
78 89 11.7
78 90 17.6
78 91 18.1
78 92 17.0
78 93 9.0
78 94 2.1
78 95 15.5
78 96 6.0
78 97 11.9
78 98 17.9
78 116 7.3
78 233 2.9
78 285 19.2
78 323 1.5
78 396 6.5
78 397 6.1
78 458 12.8
78 498 3.3
79 80 19.2
79 81 16.6
79 82 5.7
79 83 8.9
79 84 9.1
79 85 10.3
79 86 11.4
79 87 3.3
79 88 14.2
79 89 4.4
79 90 16.2
79 91 3.1
79 92 5.1
79 93 1.2
79 94 2.5
79 95 13.9
79 96 6.0
79 97 15.9
79 98 16.0
79 99 6.5
79 175 8.4
79 357 13.2
79 449 6.0
79 461 15.4
79 491 7.9
80 81 9.5
80 82 20.0
80 83 1.8
80 84 9.4
80 85 11.0
80 86 18.1
80 87 3.7
80 88 1.6
80 89 15.7
80 90 5.4
80 91 14.8
80 92 15.8
80 93 19.9
80 94 6.1
80 95 2.5
80 96 4.7
80 97 17.6
80 98 10.0
80 99 12.9
80 100 13.9
80 109 19.0
80 293 6.3
80 403 10.0
80 423 18.9
80 492 7.1
80 499 4.1
81 82 9.3
81 83 8.0
81 84 12.4
81 85 13.9
81 86 17.1
81 87 7.0
81 88 19.2
81 89 18.3
81 90 8.2
81 91 5.6
81 92 9.2
81 93 7.1
81 94 1.0
81 95 9.6
81 96 7.9
81 97 1.1
81 98 4.0
81 99 1.7
81 100 4.4
81 101 2.0
81 143 15.5
81 221 7.5
81 239 10.9
82 83 3.1
82 84 11.0
82 85 3.0
82 86 4.4
82 87 6.5
82 88 17.5
82 89 1.2
82 90 13.4
82 91 12.7
82 92 19.6
82 93 18.3
82 94 5.7
82 95 3.0
82 96 10.4
82 97 14.3
82 98 4.5
82 99 3.8
82 100 9.4
82 101 4.3
82 102 7.0
82 124 6.4
82 196 2.2
82 258 17.6
82 292 17.4
82 427 10.1
83 84 5.3
83 85 2.3
83 86 12.1
83 87 16.6
83 88 18.4
83 89 7.1
83 90 1.7
83 91 7.0
83 92 6.0
83 93 11.7
83 94 2.7
83 95 2.7
83 96 4.9
83 97 18.6
83 98 6.5
83 99 5.0
83 100 4.7
83 101 14.1
83 102 18.7
83 103 1.2
83 105 9.9
83 125 5.5
83 169 6.2
83 199 13.5
83 241 16.9
83 290 13.5
83 314 18.6
84 85 10.9
84 86 19.6
84 87 4.3
84 88 8.0
84 89 4.1
84 90 4.0
84 91 12.0
84 92 7.6
84 93 4.1
84 94 11.8
84 95 16.8
84 96 4.9
84 97 1.4
84 98 15.4
84 99 3.0
84 100 15.0
84 101 5.5
84 102 1.4
84 103 10.4
84 104 6.6
84 186 2.8
84 281 13.9
84 341 16.1
84 420 7.0
84 487 17.5
85 86 19.2
85 87 12.9
85 88 4.4
85 89 12.1
85 90 18.2
85 91 10.2
85 92 12.5
85 93 4.4
85 94 16.5
85 95 12.9
85 96 11.3
85 97 12.5
85 98 12.0
85 99 7.0
85 100 3.4
85 101 7.1
85 102 15.5
85 103 3.7
85 104 6.0
85 105 13.1
85 227 5.4
85 296 9.6
85 477 16.7
86 87 4.3
86 88 17.4
86 89 13.3
86 90 6.3
86 91 7.3
86 92 12.8
86 93 13.2
86 94 7.5
86 95 11.2
86 96 13.4
86 97 10.1
86 98 1.2
86 99 7.4
86 100 16.6
86 101 7.3
86 102 9.5
86 103 15.9
86 104 18.8
86 105 2.5
86 106 9.1
86 149 3.4
86 280 18.2
87 88 4.2
87 89 2.8
87 90 18.9
87 91 19.4
87 92 12.0
87 93 3.3
87 94 2.6
87 95 19.6
87 96 10.7
87 97 2.7
87 98 2.3
87 99 16.2
87 100 18.5
87 101 16.0
87 102 14.9
87 103 11.7
87 104 2.7
87 105 10.6
87 106 18.5
87 107 4.1
87 162 14.1
87 235 15.0
87 286 4.2
87 358 19.0
87 365 19.5
88 89 5.6
88 90 4.3
88 91 5.3
88 92 6.0
88 93 15.9
88 94 6.1
88 95 8.4
88 96 16.0
88 97 13.5
88 98 9.8
88 99 6.6
88 100 7.2
88 101 2.4
88 102 9.0
88 103 14.4
88 104 7.6
88 105 18.6
88 106 11.3
88 107 3.5
88 108 13.5
88 177 16.8
88 252 13.2
88 371 16.5
88 403 17.6
88 418 2.9
89 90 18.6
89 91 4.9
89 92 10.9
89 93 13.3
89 94 19.3
89 95 4.5
89 96 11.4
89 97 6.0
89 98 9.6
89 99 17.8
89 100 1.6
89 101 8.2
89 102 2.6
89 103 6.3
89 104 17.2
89 105 18.8
89 106 19.9
89 107 12.4
89 108 13.4
89 109 9.1
89 122 4.9
89 130 13.6
89 150 12.8
89 285 9.9
90 91 9.8
90 92 8.1
90 93 6.9
90 94 12.8
90 95 16.1
90 96 6.0
90 97 9.7
90 98 10.5
90 99 16.0
90 100 13.0
90 101 5.0
90 102 3.7
90 103 10.0
90 104 8.4
90 105 13.4
90 106 18.7
90 107 7.8
90 108 19.1
90 109 11.3
90 110 17.8
90 280 12.1
90 382 9.3
90 453 16.0
91 92 18.2
91 93 9.4
91 94 5.6
91 95 12.0
91 96 18.8
91 97 5.1
91 98 11.4
91 99 17.6
91 100 7.0
91 101 18.1
91 102 14.4
91 103 17.6
91 104 5.9
91 105 6.2
91 106 10.0
91 107 15.3
91 108 12.1
91 109 15.3
91 110 9.9
91 111 1.5
91 185 8.5
91 219 4.0
91 248 4.3
91 316 4.2
91 372 18.5
91 399 5.8
92 93 4.6
92 94 18.5
92 95 1.6
92 96 7.5
92 97 12.1
92 98 17.2
92 99 14.8
92 100 5.8
92 101 14.0
92 102 17.0
92 103 18.3
92 104 5.0
92 105 10.8
92 106 14.5
92 107 18.4
92 108 11.2
92 109 5.0
92 110 16.5
92 111 2.9
92 112 7.8
92 134 18.4
92 193 8.1
92 417 6.0
92 460 10.2
92 499 2.4
93 94 12.9
93 95 7.4
93 96 6.0
93 97 11.8
93 98 8.8
93 99 11.3
93 100 7.4
93 101 7.1
93 102 15.4
93 103 9.6
93 104 3.0
93 105 10.2
93 106 8.2
93 107 17.8
93 108 6.5
93 109 12.2
93 110 5.0
93 111 13.0
93 112 17.3
93 113 3.6
93 374 9.5
93 427 17.9
93 453 16.2
93 470 17.7
94 95 14.1
94 96 19.8
94 97 14.2
94 98 19.0
94 99 9.9
94 100 18.7
94 101 1.4
94 102 1.1
94 103 15.8
94 104 18.3
94 105 16.0
94 106 18.2
94 107 16.6
94 108 12.6
94 109 14.3
94 110 12.2
94 111 15.5
94 112 2.2
94 113 15.8
94 114 4.7
94 261 12.0
95 96 17.1
95 97 6.4
95 98 8.0
95 99 1.2
95 100 1.6
95 101 8.0
95 102 4.4
95 103 20.0
95 104 11.4
95 105 9.8
95 106 16.8
95 107 17.7
95 108 1.2
95 109 2.0
95 110 3.5
95 111 16.4
95 112 18.2
95 113 18.2
95 114 11.6
95 115 11.6
95 116 7.3
95 121 14.7
95 126 17.3
95 222 3.1
95 278 3.0
95 371 4.2
95 479 5.0
96 97 10.4
96 98 10.6
96 99 10.2
96 100 17.3
96 101 9.4
96 102 10.3
96 103 15.3
96 104 1.3
96 105 5.1
96 106 12.5
96 107 7.7
96 108 4.0
96 109 16.0
96 110 7.4
96 111 3.6
96 112 6.7
96 113 17.8
96 114 15.9
96 115 6.1
96 116 15.7
96 129 8.4
96 277 8.7
96 281 6.8
96 305 16.7
96 370 12.4
96 434 19.3
96 449 2.8
97 98 12.9
97 99 9.8
97 100 3.6
97 101 2.2
97 102 17.8
97 103 15.8
97 104 7.3
97 105 9.8
97 106 14.1
97 107 19.1
97 108 16.5
97 109 12.4
97 110 3.5
97 111 16.0
97 112 7.0
97 113 4.2
97 114 7.0
97 115 8.4
97 116 7.2
97 117 5.0
97 136 10.6
97 162 6.2
97 209 18.3
97 229 8.9
97 230 14.6
97 326 8.0
97 408 1.1
97 469 5.1
98 99 13.1
98 100 19.6
98 101 3.2
98 102 9.9
98 103 14.3
98 104 15.8
98 105 11.4
98 106 17.4
98 107 1.6
98 108 6.3
98 109 2.5
98 110 11.6
98 111 2.1
98 112 4.3
98 113 13.4
98 114 3.0
98 115 2.5
98 116 7.6
98 117 4.4
98 118 1.8
98 336 2.4
98 498 11.0
99 100 3.6
99 101 4.6
99 102 7.6
99 103 16.0
99 104 10.5
99 105 5.2
99 106 8.3
99 107 14.6
99 108 4.8
99 109 13.5
99 110 15.8
99 111 18.1
99 112 18.4
99 113 5.8
99 114 17.0
99 115 14.9
99 116 9.9
99 117 2.1
99 118 15.9
99 119 18.1
99 137 15.7
99 292 15.5
99 331 6.3
99 399 14.0
100 101 17.0
100 102 19.7
100 103 17.4
100 104 16.5
100 105 15.7
100 106 5.0
100 107 18.1
100 108 5.2
100 109 14.8
100 110 14.9
100 111 11.0
100 112 11.8
100 113 12.2
100 114 9.9
100 115 13.8
100 116 12.2
100 117 11.0
100 118 4.8
100 119 19.7
100 120 13.2
100 140 8.4
100 143 2.6
100 268 15.0
101 102 10.8
101 103 15.7
101 104 5.0
101 105 8.5
101 106 14.6
101 107 5.4
101 108 18.1
101 109 18.7
101 110 8.2
101 111 15.3
101 112 12.6
101 113 2.7
101 114 9.8
101 115 16.2
101 116 11.3
101 117 4.3
101 118 16.3
101 119 12.7
101 120 5.9
101 121 9.7
101 208 16.1
101 210 8.3
101 265 4.1
101 334 1.7
101 401 6.5
101 416 1.0
102 103 17.0
102 104 15.6
102 105 6.7
102 106 1.3
102 107 17.9
102 108 14.3
102 109 19.1
102 110 18.8
102 111 16.1
102 112 19.2
102 113 18.1
102 114 7.0
102 115 14.8
102 116 6.7
102 117 18.7
102 118 17.2
102 119 2.5
102 120 16.1
102 121 6.0
102 122 11.3
102 201 7.5
102 214 6.5
103 104 9.2
103 105 1.8
103 106 3.7
103 107 3.1
103 108 14.2
103 109 5.3
103 110 12.7
103 111 11.5
103 112 15.5
103 113 4.3
103 114 5.5
103 115 9.7
103 116 13.4
103 117 9.1
103 118 7.5
103 119 17.5
103 120 2.0
103 121 8.9
103 122 15.8
103 123 15.6
103 257 16.1
103 323 16.5
103 396 10.5
103 449 5.3
104 105 3.7
104 106 3.2
104 107 9.2
104 108 6.0
104 109 15.4
104 110 18.6
104 111 8.3
104 112 10.9
104 113 3.6
104 114 15.0
104 115 16.5
104 116 18.3
104 117 8.4
104 118 17.5
104 119 15.9
104 120 6.7
104 121 1.3
104 122 5.2
104 123 3.3
104 124 5.0
104 152 1.8
104 225 8.7
104 246 16.3
104 346 5.2
104 370 18.1
105 106 8.9
105 107 12.8
105 108 14.6
105 109 6.6
105 110 14.9
105 111 19.0
105 112 14.0
105 113 15.8
105 114 2.4
105 115 5.8
105 116 11.5
105 117 6.2
105 118 17.3
105 119 20.0
105 120 12.9
105 121 3.5
105 122 8.1
105 123 10.4
105 124 4.1
105 125 4.5
105 192 5.7
105 307 6.7
105 396 9.0
105 428 12.7
106 107 15.2
106 108 1.4
106 109 3.1
106 110 12.8
106 111 9.2
106 112 18.6
106 113 18.2
106 114 12.3
106 115 13.7
106 116 8.5
106 117 8.5
106 118 13.5
106 119 8.9
106 120 8.8
106 121 16.7
106 122 11.1
106 123 8.4
106 124 1.2
106 125 1.3
106 126 5.9
106 383 7.1
106 438 13.0
107 108 19.1
107 109 18.9
107 110 2.5
107 111 2.9
107 112 14.5
107 113 6.7
107 114 16.5
107 115 10.2
107 116 1.6
107 117 4.6
107 118 16.6
107 119 1.7
107 120 6.8
107 121 12.2
107 122 19.2
107 123 17.4
107 124 4.3
107 125 16.7
107 126 5.4
107 127 12.9
107 236 18.1
107 254 18.7
107 480 13.7
108 109 12.4
108 110 6.1
108 111 11.8
108 112 18.5
108 113 11.7
108 114 2.6
108 115 1.4
108 116 12.9
108 117 19.2
108 118 10.9
108 119 14.1
108 120 7.8
108 121 3.5
108 122 15.5
108 123 3.6
108 124 1.2
108 125 14.7
108 126 3.4
108 127 5.6
108 128 16.6
108 325 10.8
109 110 7.4
109 111 12.8
109 112 11.1
109 113 15.7
109 114 1.2
109 115 18.2
109 116 1.7
109 117 17.4
109 118 19.1
109 119 5.3
109 120 18.0
109 121 3.1
109 122 4.7
109 123 18.5
109 124 8.3
109 125 7.5
109 126 9.8
109 127 4.6
109 128 7.9
109 129 15.4
109 148 1.3
109 181 5.1
110 111 12.0
110 112 11.2
110 113 19.6
110 114 11.6
110 115 12.7
110 116 2.0
110 117 11.2
110 118 13.8
110 119 6.0
110 120 2.9
110 121 9.1
110 122 9.4
110 123 12.3
110 124 3.2
110 125 4.8
110 126 1.2
110 127 12.2
110 128 16.4
110 129 18.5
110 130 12.5
110 133 8.8
110 213 9.1
110 422 11.6
111 112 18.5
111 113 5.3
111 114 13.9
111 115 11.3
111 116 11.6
111 117 14.9
111 118 10.0
111 119 11.5
111 120 4.5
111 121 18.4
111 122 15.4
111 123 12.0
111 124 14.6
111 125 16.9
111 126 7.8
111 127 14.0
111 128 5.3
111 129 12.3
111 130 12.1
111 131 10.5
111 231 13.7
111 332 6.0
111 393 5.7
111 419 17.1
111 466 7.3
112 113 1.6
112 114 2.2
112 115 7.0
112 116 19.0
112 117 10.0
112 118 15.2
112 119 15.6
112 120 8.8
112 121 14.4
112 122 9.4
112 123 7.7
112 124 18.6
112 125 17.2
112 126 18.3
112 127 4.1
112 128 18.5
112 129 4.6
112 130 15.2
112 131 2.0
112 132 5.2
112 172 13.1
112 254 1.5
112 348 16.8
113 114 16.0
113 115 11.2
113 116 9.5
113 117 6.1
113 118 6.3
113 119 12.1
113 120 1.7
113 121 17.4
113 122 19.7
113 123 3.0
113 124 10.9
113 125 15.2
113 126 13.5
113 127 10.3
113 128 5.6
113 129 12.9
113 130 14.0
113 131 9.5
113 132 1.4
113 133 4.5
113 391 3.8
113 392 4.8
113 417 18.7
114 115 11.1
114 116 12.3
114 117 1.7
114 118 11.0
114 119 10.5
114 120 9.4
114 121 15.3
114 122 17.3
114 123 3.7
114 124 10.6
114 125 7.0
114 126 5.7
114 127 16.3
114 128 19.7
114 129 4.8
114 130 7.5
114 131 9.7
114 132 17.8
114 133 17.8
114 134 3.9
114 358 15.9
114 381 11.2
114 394 18.1
115 116 16.7
115 117 11.9
115 118 2.7
115 119 14.9
115 120 13.8
115 121 12.2
115 122 8.0
115 123 8.6
115 124 5.2
115 125 14.2
115 126 7.3
115 127 6.8
115 128 13.4
115 129 4.8
115 130 16.4
115 131 17.4
115 132 8.5
115 133 12.8
115 134 18.4
115 135 6.4
115 151 4.7
115 191 18.0
115 207 19.0
115 472 3.4
115 487 16.4
116 117 7.7
116 118 3.3
116 119 11.1
116 120 18.0
116 121 16.4
116 122 18.2
116 123 17.2
116 124 19.3
116 125 15.3
116 126 2.8
116 127 16.8
116 128 12.4
116 129 19.4
116 130 14.1
116 131 4.0
116 132 11.4
116 133 19.6
116 134 16.3
116 135 16.9
116 136 15.4
116 437 1.0
116 495 9.3
117 118 8.9
117 119 11.1
117 120 3.3
117 121 12.9
117 122 5.5
117 123 1.6
117 124 12.5
117 125 6.4
117 126 1.4
117 127 6.0
117 128 14.2
117 129 18.8
117 130 14.1
117 131 4.7
117 132 13.8
117 133 14.7
117 134 17.7
117 135 17.4
117 136 2.1
117 137 4.3
117 176 5.1
117 233 18.9
117 372 16.5
117 385 2.1
117 406 1.7
117 424 3.6
117 485 9.8
118 119 12.2
118 120 6.2
118 121 19.2
118 122 9.9
118 123 12.4
118 124 6.5
118 125 14.2
118 126 9.2
118 127 17.9
118 128 14.2
118 129 4.1
118 130 3.4
118 131 4.1
118 132 10.8
118 133 12.1
118 134 9.4
118 135 9.1
118 136 19.2
118 137 19.1
118 138 14.0
118 154 1.3
118 305 5.4
118 321 2.3
118 438 18.2
119 120 17.7
119 121 4.9
119 122 1.3
119 123 19.8
119 124 4.2
119 125 5.0
119 126 1.3
119 127 1.7
119 128 14.3
119 129 8.9
119 130 6.6
119 131 3.6
119 132 8.4
119 133 2.6
119 134 9.9
119 135 15.8
119 136 13.6
119 137 15.4
119 138 19.6
119 139 3.4
119 162 16.7
119 191 3.6
119 195 12.9
119 211 15.8
119 275 12.2
119 341 1.2
119 371 11.9
119 468 8.5
119 488 13.8
120 121 6.0
120 122 10.3
120 123 2.9
120 124 7.8
120 125 7.2
120 126 14.9
120 127 19.9
120 128 2.5
120 129 17.0
120 130 2.6
120 131 11.5
120 132 3.1
120 133 10.6
120 134 11.4
120 135 19.2
120 136 4.3
120 137 5.1
120 138 19.4
120 139 14.3
120 140 11.1
120 192 10.7
120 418 11.3
121 122 14.1
121 123 17.8
121 124 15.6
121 125 7.7
121 126 15.4
121 127 7.8
121 128 3.5
121 129 8.4
121 130 6.2
121 131 7.0
121 132 17.3
121 133 9.6
121 134 19.6
121 135 2.2
121 136 18.0
121 137 17.1
121 138 2.7
121 139 5.4
121 140 18.1
121 141 12.6
121 186 9.7
121 193 12.3
121 483 17.3
121 498 18.1
122 123 9.9
122 124 9.5
122 125 5.8
122 126 7.4
122 127 19.6
122 128 16.9
122 129 18.9
122 130 11.5
122 131 3.8
122 132 5.6
122 133 19.0
122 134 4.7
122 135 15.7
122 136 9.2
122 137 11.8
122 138 10.4
122 139 12.8
122 140 6.1
122 141 5.7
122 142 4.8
122 271 13.6
122 355 10.8
122 381 12.0
123 124 15.5
123 125 14.2
123 126 15.4
123 127 16.7
123 128 17.8
123 129 17.5
123 130 7.6
123 131 3.1
123 132 16.5
123 133 1.9
123 134 15.4
123 135 11.4
123 136 14.7
123 137 5.3
123 138 12.2
123 139 7.1
123 140 16.7
123 141 1.4
123 142 19.6
123 143 3.9
123 190 13.8
123 225 15.5
123 274 19.8
123 459 10.3
123 488 19.8
124 125 4.2
124 126 16.1
124 127 13.2
124 128 9.1
124 129 18.2
124 130 14.9
124 131 11.8
124 132 1.6
124 133 8.6
124 134 6.8
124 135 19.1
124 136 16.7
124 137 2.3
124 138 9.3
124 139 15.2
124 140 9.5
124 141 11.8
124 142 16.9
124 143 8.7
124 144 1.2
124 211 7.6
124 265 6.0
124 288 15.9
124 377 3.5
124 463 14.0
124 474 17.2
125 126 14.1
125 127 5.0
125 128 17.0
125 129 5.7
125 130 2.8
125 131 9.3
125 132 1.1
125 133 11.9
125 134 4.9
125 135 12.6
125 136 18.7
125 137 15.5
125 138 13.1
125 139 5.7
125 140 13.0
125 141 8.6
125 142 19.9
125 143 2.7
125 144 8.6
125 145 11.2
125 158 9.2
125 188 13.3
125 213 16.8
125 410 9.2
126 127 15.9
126 128 15.3
126 129 8.9
126 130 18.8
126 131 19.5
126 132 1.8
126 133 13.2
126 134 1.4
126 135 16.0
126 136 10.4
126 137 10.1
126 138 17.4
126 139 16.9
126 140 13.0
126 141 15.0
126 142 1.9
126 143 7.6
126 144 5.3
126 145 17.0
126 146 1.2
126 381 17.3
126 408 11.1
126 468 17.5
126 500 10.3
127 128 6.1
127 129 13.0
127 130 11.4
127 131 12.1
127 132 11.6
127 133 13.9
127 134 17.9
127 135 3.1
127 136 18.9
127 137 10.7
127 138 1.8
127 139 6.2
127 140 15.2
127 141 11.8
127 142 5.4
127 143 1.3
127 144 12.1
127 145 11.3
127 146 16.7
127 147 19.1
127 171 10.5
128 129 12.1
128 130 10.4
128 131 7.7
128 132 4.1
128 133 11.8
128 134 4.9
128 135 4.0
128 136 19.4
128 137 16.7
128 138 10.8
128 139 19.0
128 140 7.3
128 141 18.8
128 142 2.8
128 143 7.5
128 144 17.9
128 145 15.5
128 146 10.8
128 147 4.6
128 148 1.9
128 157 19.9
128 247 4.3
128 292 7.4
128 341 9.4
128 425 7.1
129 130 15.9
129 131 9.7
129 132 19.2
129 133 16.0
129 134 16.4
129 135 3.8
129 136 10.0
129 137 19.4
129 138 4.8
129 139 3.6
129 140 5.3
129 141 13.9
129 142 4.3
129 143 13.6
129 144 19.2
129 145 15.2
129 146 19.2
129 147 9.9
129 148 20.0
129 149 12.1
129 187 9.6
130 131 5.6
130 132 12.2
130 133 5.9
130 134 17.4
130 135 16.9
130 136 10.5
130 137 2.4
130 138 1.3
130 139 2.5
130 140 14.3
130 141 5.4
130 142 2.2
130 143 11.0
130 144 4.4
130 145 17.6
130 146 13.9
130 147 8.9
130 148 18.5
130 149 17.1
130 150 8.8
130 175 8.4
130 243 7.7
130 262 13.3
130 274 9.9
131 132 10.0
131 133 14.3
131 134 8.6
131 135 1.1
131 136 5.5
131 137 15.6
131 138 8.2
131 139 19.4
131 140 2.3
131 141 4.9
131 142 16.5
131 143 11.5
131 144 8.5
131 145 16.3
131 146 3.3
131 147 3.7
131 148 8.9
131 149 18.6
131 150 9.7
131 151 13.9
131 204 15.0
131 214 13.9
131 346 9.6
131 350 10.2
131 376 3.2
131 463 7.9
132 133 19.4
132 134 11.8
132 135 1.6
132 136 8.3
132 137 10.2
132 138 11.5
132 139 3.8
132 140 16.4
132 141 16.4
132 142 3.2
132 143 3.8
132 144 5.1
132 145 17.9
132 146 9.8
132 147 10.7
132 148 14.7
132 149 11.8
132 150 6.2
132 151 11.4
132 152 4.9
132 244 18.1
132 400 2.2
132 439 18.8
132 463 13.2
133 134 4.2
133 135 2.7
133 136 16.7
133 137 5.1
133 138 2.8
133 139 13.0
133 140 3.9
133 141 5.1
133 142 16.3
133 143 14.1
133 144 1.3
133 145 11.7
133 146 3.5
133 147 15.0
133 148 11.9
133 149 14.4
133 150 5.6
133 151 10.6
133 152 10.7
133 153 11.6
133 255 2.6
133 307 7.5
133 408 6.1
134 135 4.0
134 136 16.4
134 137 8.3
134 138 10.6
134 139 6.7
134 140 6.7
134 141 3.2
134 142 11.7
134 143 3.6
134 144 3.5
134 145 10.0
134 146 2.0
134 147 11.9
134 148 18.6
134 149 15.9
134 150 13.3
134 151 2.7
134 152 12.6
134 153 10.3
134 154 4.4
134 212 4.6
134 252 10.4
134 279 11.2
134 319 15.2
134 346 1.2
135 136 6.8
135 137 14.7
135 138 12.5
135 139 14.2
135 140 12.0
135 141 14.5
135 142 8.6
135 143 6.0
135 144 11.6
135 145 3.4
135 146 12.8
135 147 19.7
135 148 8.6
135 149 10.9
135 150 3.3
135 151 7.7
135 152 2.8
135 153 6.1
135 154 14.6
135 155 3.5
135 312 14.3
135 364 8.8
135 402 3.0
136 137 15.5
136 138 2.9
136 139 12.6
136 140 10.9
136 141 19.3
136 142 13.8
136 143 19.0
136 144 15.2
136 145 14.1
136 146 8.8
136 147 13.6
136 148 11.7
136 149 8.9
136 150 10.5
136 151 9.2
136 152 11.0
136 153 5.8
136 154 12.7
136 155 1.5
136 156 3.0
136 171 10.9
136 182 18.1
136 395 3.8
136 421 1.2
136 460 17.5
136 464 9.6
137 138 14.7
137 139 16.0
137 140 13.5
137 141 12.4
137 142 5.1
137 143 13.3
137 144 15.3
137 145 15.3
137 146 11.3
137 147 1.1
137 148 13.0
137 149 19.0
137 150 14.3
137 151 9.8
137 152 6.4
137 153 8.7
137 154 8.8
137 155 9.2
137 156 16.5
137 157 13.9
137 170 14.4
137 271 19.0
137 354 3.8
137 457 4.5
137 470 9.0
137 471 10.4
137 495 9.4
138 139 14.4
138 140 4.7
138 141 6.4
138 142 13.8
138 143 8.2
138 144 3.1
138 145 8.6
138 146 9.9
138 147 12.6
138 148 7.6
138 149 19.8
138 150 14.4
138 151 1.7
138 152 14.4
138 153 12.4
138 154 17.7
138 155 13.0
138 156 15.4
138 157 1.9
138 158 10.6
138 274 6.9
138 329 12.7
138 422 19.9
138 438 6.7
139 140 6.7
139 141 14.7
139 142 6.0
139 143 11.0
139 144 5.5
139 145 14.5
139 146 2.0
139 147 2.1
139 148 10.0
139 149 10.3
139 150 19.9
139 151 10.6
139 152 16.5
139 153 5.4
139 154 7.2
139 155 5.7
139 156 10.4
139 157 14.6
139 158 17.5
139 159 3.2
139 195 15.7
139 196 6.5
139 295 18.8
139 399 2.3
139 473 9.0
140 141 6.8
140 142 4.3
140 143 10.4
140 144 11.2
140 145 8.4
140 146 18.1
140 147 12.1
140 148 2.1
140 149 18.2
140 150 18.0
140 151 17.0
140 152 10.7
140 153 16.7
140 154 6.1
140 155 18.8
140 156 9.1
140 157 1.2
140 158 5.3
140 159 14.5
140 160 6.5
140 389 11.1
141 142 6.9
141 143 7.0
141 144 15.9
141 145 4.8
141 146 3.4
141 147 12.3
141 148 4.5
141 149 1.3
141 150 15.3
141 151 3.2
141 152 18.6
141 153 4.3
141 154 15.1
141 155 5.2
141 156 3.5
141 157 4.7
141 158 4.1
141 159 19.4
141 160 9.0
141 161 4.7
141 411 10.9
141 476 16.0
142 143 15.9
142 144 12.3
142 145 14.6
142 146 5.1
142 147 12.4
142 148 11.3
142 149 2.1
142 150 3.2
142 151 11.0
142 152 17.7
142 153 14.4
142 154 11.5
142 155 14.2
142 156 14.9
142 157 17.8
142 158 8.1
142 159 5.6
142 160 1.9
142 161 14.1
142 162 10.3
142 245 17.0
142 265 10.0
142 362 13.3
142 425 3.6
142 448 1.9
142 488 5.7
143 144 6.7
143 145 19.0
143 146 11.2
143 147 4.0
143 148 9.0
143 149 12.2
143 150 17.1
143 151 1.5
143 152 19.9
143 153 12.8
143 154 14.9
143 155 8.1
143 156 16.2
143 157 3.1
143 158 10.3
143 159 9.6
143 160 4.6
143 161 10.1
143 162 17.8
143 163 19.7
143 211 14.4
143 217 13.6
143 283 8.6
143 320 5.0
144 145 7.1
144 146 19.3
144 147 18.0
144 148 10.5
144 149 19.3
144 150 9.3
144 151 6.2
144 152 1.9
144 153 10.9
144 154 13.7
144 155 16.1
144 156 9.6
144 157 8.5
144 158 5.6
144 159 5.2
144 160 16.4
144 161 11.3
144 162 3.9
144 163 6.0
144 164 13.0
144 172 13.5
144 347 3.2
144 362 17.1
144 405 3.0
144 418 15.5
144 440 15.8
145 146 13.2
145 147 6.7
145 148 19.0
145 149 6.7
145 150 14.6
145 151 1.0
145 152 1.4
145 153 5.4
145 154 19.8
145 155 6.2
145 156 14.0
145 157 17.1
145 158 7.4
145 159 15.4
145 160 19.7
145 161 13.9
145 162 8.1
145 163 19.2
145 164 15.1
145 165 9.8
145 262 8.1
145 338 18.8
145 414 7.4
145 427 10.0
145 438 10.7
146 147 9.3
146 148 7.1
146 149 12.0
146 150 10.6
146 151 16.2
146 152 18.0
146 153 8.7
146 154 6.6
146 155 3.8
146 156 18.4
146 157 6.5
146 158 13.7
146 159 10.8
146 160 8.9
146 161 11.1
146 162 7.5
146 163 11.6
146 164 19.9
146 165 14.7
146 166 9.5
146 326 2.3
147 148 3.7
147 149 16.9
147 150 14.9
147 151 7.2
147 152 15.4
147 153 2.1
147 154 8.6
147 155 13.3
147 156 18.6
147 157 9.8
147 158 9.4
147 159 7.1
147 160 4.3
147 161 8.9
147 162 4.8
147 163 15.8
147 164 3.5
147 165 1.4
147 166 12.8
147 167 15.3
147 309 5.8
147 315 8.9
147 322 4.7
147 341 16.9
147 407 16.5
147 478 2.8
148 149 10.3
148 150 18.2
148 151 12.1
148 152 9.5
148 153 1.6
148 154 6.3
148 155 1.1
148 156 11.6
148 157 17.4
148 158 2.0
148 159 17.9
148 160 2.9
148 161 3.5
148 162 19.4
148 163 1.7
148 164 13.5
148 165 5.2
148 166 5.2
148 167 8.5
148 168 8.4
148 311 7.0
148 492 5.3
149 150 5.5
149 151 7.1
149 152 15.7
149 153 4.2
149 154 19.3
149 155 6.1
149 156 16.6
149 157 13.9
149 158 7.8
149 159 19.4
149 160 10.2
149 161 5.9
149 162 13.3
149 163 7.8
149 164 11.4
149 165 7.8
149 166 4.7
149 167 11.7
149 168 5.4
149 169 14.3
149 271 11.8
149 364 10.3
149 376 11.3
149 381 9.5
149 491 2.5
150 151 15.7
150 152 7.1
150 153 8.7
150 154 10.7
150 155 2.9
150 156 13.7
150 157 6.8
150 158 11.4
150 159 1.7
150 160 17.0
150 161 17.5
150 162 1.8
150 163 5.4
150 164 15.3
150 165 6.4
150 166 19.5
150 167 10.4
150 168 19.2
150 169 15.6
150 170 17.1
150 200 2.0
150 224 10.4
150 480 19.1
151 152 1.7
151 153 10.4
151 154 11.3
151 155 13.8
151 156 13.0
151 157 2.9
151 158 9.5
151 159 11.5
151 160 11.8
151 161 17.5
151 162 2.7
151 163 19.9
151 164 13.2
151 165 19.0
151 166 18.3
151 167 1.9
151 168 11.5
151 169 15.5
151 170 9.9
151 171 19.5
151 180 12.4
151 211 3.9
151 261 10.6
152 153 5.0
152 154 1.1
152 155 5.9
152 156 9.5
152 157 11.6
152 158 3.0
152 159 1.7
152 160 1.5
152 161 19.6
152 162 7.5
152 163 13.7
152 164 8.4
152 165 19.4
152 166 14.5
152 167 14.8
152 168 19.7
152 169 10.9
152 170 17.4
152 171 17.3
152 172 10.6
152 198 2.3
152 236 11.4
152 296 18.2
152 337 19.0
152 469 8.4
153 154 9.4
153 155 14.3
153 156 6.5
153 157 13.3
153 158 10.2
153 159 16.8
153 160 8.1
153 161 11.2
153 162 5.1
153 163 15.1
153 164 2.1
153 165 11.0
153 166 18.9
153 167 8.7
153 168 1.9
153 169 10.7
153 170 4.3
153 171 6.5
153 172 18.2
153 173 7.9
153 177 15.3
153 244 12.5
153 366 3.5
154 155 3.2
154 156 5.8
154 157 9.4
154 158 19.2
154 159 6.0
154 160 6.0
154 161 9.8
154 162 15.9
154 163 1.9
154 164 1.5
154 165 18.2
154 166 4.4
154 167 18.5
154 168 17.3
154 169 2.0
154 170 14.8
154 171 7.1
154 172 7.7
154 173 8.6
154 174 19.5
154 374 12.6
154 410 17.1
155 156 7.7
155 157 17.2
155 158 12.6
155 159 12.2
155 160 4.4
155 161 11.5
155 162 6.7
155 163 8.6
155 164 16.0
155 165 15.3
155 166 16.5
155 167 17.3
155 168 5.2
155 169 16.9
155 170 19.2
155 171 12.3
155 172 9.1
155 173 8.7
155 174 14.2
155 175 19.4
155 194 12.8
155 226 2.9
155 346 17.3
155 386 18.9
155 496 1.2
156 157 1.7
156 158 8.1
156 159 1.3
156 160 4.4
156 161 3.6
156 162 5.7
156 163 6.9
156 164 14.3
156 165 6.8
156 166 13.9
156 167 17.9
156 168 5.1
156 169 19.2
156 170 17.8
156 171 1.4
156 172 14.0
156 173 8.8
156 174 3.8
156 175 17.6
156 176 7.9
156 234 8.0
156 270 13.4
156 298 17.4
156 333 12.9
156 451 4.9
157 158 6.0
157 159 3.7
157 160 9.1
157 161 9.4
157 162 6.3
157 163 12.6
157 164 8.5
157 165 7.2
157 166 15.2
157 167 4.9
157 168 8.9
157 169 13.2
157 170 15.4
157 171 18.8
157 172 11.6
157 173 19.1
157 174 3.4
157 175 7.1
157 176 12.6
157 177 10.6
157 320 8.9
157 475 16.8
158 159 12.4
158 160 1.0
158 161 8.2
158 162 8.1
158 163 2.4
158 164 2.9
158 165 2.9
158 166 18.9
158 167 5.6
158 168 1.4
158 169 15.7
158 170 3.6
158 171 15.2
158 172 14.6
158 173 5.0
158 174 11.0
158 175 13.5
158 176 2.1
158 177 2.5
158 178 9.0
158 360 20.0
159 160 4.6
159 161 1.0
159 162 19.5
159 163 17.5
159 164 13.8
159 165 4.7
159 166 13.7
159 167 6.1
159 168 5.8
159 169 12.8
159 170 8.8
159 171 8.6
159 172 1.3
159 173 10.4
159 174 17.0
159 175 14.4
159 176 5.1
159 177 14.6
159 178 8.3
159 179 2.3
159 435 7.6
160 161 16.2
160 162 18.4
160 163 18.5
160 164 6.5
160 165 5.6
160 166 17.0
160 167 16.8
160 168 12.8
160 169 1.4
160 170 9.0
160 171 8.8
160 172 14.6
160 173 12.1
160 174 16.1
160 175 8.9
160 176 6.5
160 177 1.2
160 178 6.4
160 179 14.9
160 180 10.3
160 201 2.3
160 221 18.3
160 259 18.2
160 280 11.1
160 323 17.8
161 162 15.9
161 163 12.9
161 164 10.9
161 165 13.1
161 166 16.5
161 167 17.4
161 168 18.6
161 169 8.7
161 170 8.9
161 171 18.2
161 172 1.4
161 173 16.8
161 174 12.4
161 175 15.3
161 176 15.3
161 177 13.7
161 178 5.6
161 179 9.0
161 180 14.6
161 181 1.2
161 295 17.9
161 327 17.3
161 392 12.0
161 419 13.6
161 471 1.1
162 163 19.5
162 164 1.1
162 165 16.1
162 166 9.5
162 167 7.5
162 168 5.3
162 169 11.5
162 170 13.0
162 171 10.6
162 172 18.6
162 173 17.2
162 174 9.2
162 175 12.1
162 176 20.0
162 177 12.2
162 178 16.1
162 179 4.0
162 180 1.0
162 181 10.7
162 182 15.4
162 268 12.6
162 318 2.4
162 329 5.1
162 365 11.5
162 455 19.6
163 164 1.2
163 165 2.5
163 166 17.3
163 167 4.9
163 168 18.7
163 169 1.0
163 170 12.2
163 171 7.1
163 172 16.5
163 173 3.2
163 174 5.3
163 175 13.3
163 176 17.5
163 177 9.8
163 178 3.8
163 179 13.6
163 180 9.1
163 181 19.1
163 182 16.8
163 183 13.3
163 315 6.5
163 367 13.7
163 412 11.3
163 461 17.4
163 492 18.7
164 165 7.1
164 166 10.4
164 167 14.4
164 168 18.9
164 169 2.4
164 170 9.3
164 171 1.2
164 172 13.3
164 173 8.0
164 174 5.4
164 175 19.6
164 176 8.7
164 177 14.2
164 178 8.2
164 179 5.8
164 180 8.2
164 181 18.6
164 182 7.5
164 183 15.8
164 184 19.9
164 225 2.2
165 166 17.8
165 167 17.8
165 168 9.1
165 169 19.4
165 170 10.0
165 171 1.6
165 172 14.3
165 173 1.6
165 174 15.2
165 175 4.0
165 176 3.5
165 177 18.7
165 178 6.3
165 179 1.2
165 180 3.0
165 181 19.5
165 182 12.7
165 183 17.5
165 184 13.6
165 185 3.4
166 167 18.5
166 168 1.3
166 169 10.2
166 170 15.4
166 171 12.6
166 172 11.2
166 173 16.2
166 174 13.5
166 175 4.3
166 176 11.3
166 177 9.1
166 178 13.0
166 179 4.9
166 180 6.1
166 181 9.7
166 182 12.8
166 183 11.3
166 184 1.5
166 185 5.5
166 186 5.6
166 396 4.1
167 168 10.2
167 169 16.1
167 170 13.6
167 171 11.3
167 172 10.1
167 173 14.7
167 174 3.6
167 175 9.9
167 176 18.7
167 177 1.3
167 178 12.8
167 179 16.8
167 180 20.0
167 181 3.9
167 182 8.6
167 183 18.1
167 184 12.9
167 185 14.4
167 186 16.6
167 187 8.2
167 276 1.0
167 281 9.8
167 428 9.5
167 474 16.0
168 169 2.7
168 170 18.8
168 171 18.9
168 172 15.1
168 173 4.2
168 174 10.6
168 175 9.7
168 176 15.7
168 177 10.5
168 178 9.9
168 179 8.8
168 180 15.6
168 181 3.0
168 182 14.3
168 183 9.3
168 184 9.8
168 185 16.8
168 186 16.3
168 187 7.0
168 188 8.2
168 254 19.5
168 364 19.4
169 170 11.8
169 171 5.8
169 172 4.5
169 173 17.4
169 174 5.2
169 175 13.1
169 176 18.4
169 177 8.3
169 178 5.1
169 179 9.1
169 180 15.0
169 181 14.2
169 182 7.9
169 183 1.9
169 184 13.4
169 185 12.8
169 186 7.4
169 187 17.8
169 188 9.1
169 189 6.2
169 275 18.1
169 292 14.2
169 300 13.0
170 171 11.3
170 172 1.6
170 173 3.6
170 174 5.7
170 175 17.4
170 176 13.8
170 177 8.9
170 178 4.1
170 179 2.5
170 180 2.0
170 181 17.8
170 182 19.1
170 183 13.0
170 184 7.1
170 185 6.3
170 186 13.7
170 187 19.9
170 188 14.1
170 189 4.2
170 190 14.5
170 254 3.9
170 405 1.0
170 489 3.1
171 172 6.0
171 173 3.2
171 174 1.2
171 175 2.9
171 176 10.8
171 177 2.4
171 178 14.4
171 179 6.8
171 180 15.8
171 181 10.4
171 182 5.4
171 183 18.2
171 184 15.8
171 185 10.3
171 186 19.6
171 187 8.1
171 188 11.2
171 189 9.5
171 190 11.5
171 191 3.8
171 291 3.8
171 305 7.2
171 365 15.8
172 173 12.5
172 174 13.7
172 175 5.3
172 176 12.3
172 177 7.4
172 178 2.3
172 179 3.3
172 180 11.2
172 181 14.2
172 182 17.7
172 183 9.8
172 184 9.5
172 185 8.5
172 186 7.8
172 187 3.9
172 188 10.0
172 189 5.0
172 190 15.8
172 191 10.3
172 192 17.9
172 210 18.3
172 267 11.5
172 272 18.8
172 273 14.6
172 351 5.4
172 364 12.0
172 377 2.5
172 410 12.6
173 174 3.9
173 175 11.6
173 176 6.3
173 177 13.2
173 178 18.4
173 179 13.0
173 180 19.2
173 181 15.6
173 182 7.2
173 183 5.4
173 184 8.9
173 185 11.3
173 186 10.9
173 187 18.0
173 188 16.9
173 189 12.2
173 190 11.1
173 191 4.7
173 192 8.5
173 193 2.8
173 293 9.7
173 304 13.1
173 334 18.2
173 347 1.2
173 399 5.4
173 482 8.9
174 175 16.7
174 176 14.5
174 177 10.2
174 178 2.1
174 179 19.8
174 180 19.7
174 181 9.3
174 182 10.5
174 183 6.5
174 184 14.3
174 185 13.8
174 186 16.9
174 187 2.8
174 188 17.3
174 189 8.5
174 190 16.8
174 191 18.0
174 192 14.8
174 193 7.5
174 194 8.8
174 275 5.2
174 283 13.3
174 330 13.1
174 369 5.2
175 176 15.3
175 177 16.4
175 178 1.3
175 179 3.9
175 180 19.5
175 181 7.8
175 182 1.2
175 183 3.4
175 184 5.5
175 185 14.4
175 186 15.4
175 187 16.1
175 188 16.2
175 189 10.4
175 190 19.8
175 191 14.4
175 192 9.8
175 193 15.3
175 194 8.4
175 195 15.8
175 230 15.1
175 314 10.9
175 396 17.7
175 458 6.3
175 462 15.5
175 472 13.8
176 177 10.8
176 178 12.7
176 179 9.5
176 180 10.2
176 181 4.2
176 182 9.2
176 183 19.6
176 184 1.7
176 185 6.7
176 186 15.8
176 187 17.6
176 188 16.2
176 189 1.2
176 190 8.6
176 191 12.5
176 192 12.1
176 193 18.5
176 194 2.6
176 195 4.2
176 196 15.7
176 218 5.0
176 298 5.2
176 388 13.5
177 178 2.6
177 179 4.5
177 180 6.9
177 181 4.1
177 182 14.9
177 183 3.0
177 184 20.0
177 185 10.8
177 186 5.4
177 187 16.1
177 188 9.8
177 189 6.9
177 190 16.5
177 191 7.2
177 192 12.6
177 193 13.8
177 194 19.4
177 195 3.6
177 196 18.5
177 197 3.5
177 199 16.7
177 243 13.5
177 277 10.9
177 392 2.4
178 179 15.5
178 180 15.1
178 181 13.5
178 182 4.4
178 183 1.1
178 184 2.4
178 185 9.5
178 186 11.0
178 187 10.7
178 188 16.3
178 189 9.6
178 190 12.9
178 191 3.5
178 192 11.4
178 193 11.2
178 194 3.3
178 195 2.0
178 196 9.3
178 197 9.7
178 198 15.9
178 262 4.7
178 298 7.9
178 425 6.3
178 473 19.2
179 180 9.2
179 181 2.6
179 182 6.1
179 183 14.5
179 184 11.2
179 185 5.6
179 186 8.6
179 187 2.7
179 188 11.0
179 189 8.0
179 190 12.0
179 191 11.1
179 192 13.0
179 193 12.2
179 194 17.1
179 195 8.1
179 196 9.8
179 197 3.3
179 198 15.4
179 199 2.4
179 203 3.3
179 219 3.0
179 350 19.4
179 358 9.3
179 415 5.9
180 181 9.7
180 182 8.3
180 183 4.7
180 184 4.8
180 185 16.1
180 186 4.0
180 187 16.4
180 188 4.5
180 189 8.4
180 190 15.2
180 191 19.7
180 192 10.1
180 193 18.1
180 194 17.8
180 195 6.5
180 196 4.5
180 197 18.8
180 198 8.1
180 199 14.6
180 200 10.4
180 350 5.3
180 374 8.6
180 440 18.5
180 453 9.5
180 472 11.8
181 182 14.0
181 183 9.9
181 184 19.6
181 185 3.6
181 186 10.3
181 187 6.5
181 188 9.8
181 189 5.2
181 190 13.7
181 191 19.2
181 192 4.4
181 193 3.6
181 194 16.5
181 195 1.2
181 196 2.1
181 197 5.8
181 198 6.0
181 199 14.3
181 200 12.6
181 201 4.8
181 223 2.4
181 286 3.3
181 292 1.8
181 365 5.0
181 491 4.2
182 183 8.3
182 184 8.4
182 185 19.1
182 186 10.8
182 187 7.7
182 188 7.0
182 189 17.2
182 190 12.8
182 191 5.3
182 192 12.2
182 193 19.5
182 194 16.0
182 195 11.7
182 196 17.3
182 197 16.8
182 198 8.9
182 199 2.6
182 200 5.4
182 201 2.7
182 202 14.4
182 325 5.0
182 459 19.4
183 184 17.5
183 185 19.5
183 186 4.8
183 187 15.4
183 188 11.6
183 189 10.6
183 190 16.4
183 191 16.0
183 192 1.5
183 193 19.6
183 194 11.0
183 195 11.1
183 196 13.6
183 197 8.5
183 198 15.5
183 199 13.2
183 200 11.2
183 201 13.0
183 202 9.4
183 203 10.3
183 313 8.9
183 331 13.3
183 391 19.5
184 185 14.1
184 186 4.1
184 187 10.9
184 188 6.3
184 189 16.7
184 190 1.2
184 191 10.1
184 192 1.0
184 193 12.3
184 194 3.2
184 195 14.3
184 196 3.4
184 197 3.5
184 198 13.2
184 199 3.1
184 200 17.4
184 201 17.8
184 202 18.7
184 203 12.3
184 204 9.1
184 245 17.7
184 276 1.7
184 395 7.3
184 471 10.8
185 186 1.5
185 187 1.4
185 188 16.9
185 189 4.4
185 190 9.1
185 191 19.1
185 192 17.8
185 193 10.5
185 194 9.1
185 195 4.1
185 196 7.3
185 197 17.8
185 198 14.9
185 199 16.5
185 200 7.7
185 201 19.5
185 202 1.3
185 203 16.7
185 204 1.2
185 205 6.7
186 187 13.6
186 188 8.9
186 189 6.7
186 190 4.7
186 191 11.1
186 192 16.1
186 193 18.6
186 194 18.2
186 195 18.5
186 196 1.7
186 197 10.6
186 198 12.0
186 199 13.9
186 200 8.3
186 201 2.4
186 202 7.6
186 203 1.6
186 204 5.9
186 205 19.2
186 206 4.8
186 236 4.6
186 309 19.4
186 329 8.3
186 362 13.7
186 367 13.7
186 451 13.8
187 188 1.9
187 189 4.1
187 190 5.1
187 191 7.4
187 192 19.0
187 193 2.6
187 194 15.0
187 195 18.3
187 196 12.4
187 197 12.3
187 198 15.4
187 199 15.7
187 200 6.3
187 201 17.9
187 202 18.4
187 203 18.5
187 204 12.0
187 205 19.9
187 206 9.0
187 207 11.2
187 225 11.6
187 337 14.9
187 462 7.1
188 189 17.4
188 190 6.0
188 191 10.6
188 192 4.3
188 193 16.3
188 194 15.1
188 195 13.8
188 196 3.7
188 197 18.2
188 198 5.7
188 199 9.1
188 200 13.6
188 201 12.6
188 202 2.1
188 203 4.5
188 204 9.9
188 205 19.5
188 206 17.1
188 207 14.7
188 208 7.7
188 216 1.8
188 247 11.1
188 326 2.1
188 454 9.5
189 190 17.0
189 191 6.8
189 192 13.4
189 193 7.6
189 194 6.9
189 195 10.7
189 196 16.2
189 197 10.8
189 198 1.6
189 199 18.4
189 200 13.3
189 201 4.7
189 202 15.5
189 203 19.4
189 204 17.5
189 205 15.1
189 206 8.2
189 207 17.1
189 208 16.2
189 209 5.9
189 259 9.2
189 280 16.0
189 323 16.4
189 339 19.3
189 409 14.2
189 411 17.8
189 426 11.5
189 466 8.4
190 191 5.8
190 192 17.5
190 193 12.7
190 194 4.6
190 195 7.7
190 196 13.4
190 197 6.6
190 198 11.6
190 199 14.4
190 200 10.5
190 201 10.5
190 202 11.1
190 203 1.3
190 204 19.2
190 205 15.8
190 206 8.5
190 207 17.3
190 208 3.6
190 209 18.0
190 210 11.8
190 341 13.9
190 416 20.0
190 435 11.0
190 492 1.5
191 192 8.2
191 193 9.2
191 194 10.6
191 195 19.4
191 196 1.6
191 197 6.6
191 198 7.6
191 199 18.7
191 200 1.9
191 201 2.1
191 202 3.6
191 203 18.9
191 204 11.7
191 205 12.0
191 206 15.3
191 207 14.3
191 208 14.8
191 209 17.9
191 210 8.3
191 211 8.7
191 307 19.2
191 404 19.4
191 426 10.2
191 435 3.4
192 193 2.1
192 194 11.0
192 195 14.1
192 196 4.8
192 197 3.3
192 198 17.4
192 199 9.0
192 200 13.6
192 201 16.4
192 202 17.2
192 203 5.6
192 204 6.9
192 205 9.0
192 206 19.9
192 207 1.2
192 208 4.1
192 209 12.7
192 210 19.7
192 211 15.3
192 212 18.3
192 332 18.0
193 194 14.4
193 195 17.2
193 196 3.5
193 197 8.9
193 198 9.6
193 199 10.4
193 200 16.9
193 201 14.4
193 202 17.0
193 203 7.1
193 204 4.6
193 205 10.8
193 206 10.2
193 207 6.9
193 208 1.9
193 209 11.4
193 210 4.9
193 211 6.3
193 212 18.2
193 213 4.1
193 238 12.4
193 274 9.3
193 369 2.4
193 371 10.0
193 436 5.3
193 474 2.6
194 195 2.0
194 196 15.5
194 197 7.5
194 198 16.2
194 199 17.3
194 200 14.2
194 201 1.7
194 202 15.1
194 203 1.9
194 204 16.6
194 205 8.7
194 206 13.2
194 207 16.1
194 208 14.5
194 209 11.1
194 210 11.2
194 211 16.8
194 212 10.7
194 213 14.3
194 214 9.2
194 437 8.0
195 196 16.9
195 197 15.9
195 198 1.2
195 199 8.2
195 200 13.5
195 201 13.3
195 202 5.4
195 203 6.4
195 204 7.2
195 205 3.2
195 206 6.6
195 207 13.4
195 208 16.6
195 209 7.2
195 210 9.8
195 211 7.0
195 212 6.4
195 213 3.2
195 214 18.1
195 215 11.4
195 266 1.8
195 267 5.3
195 355 15.0
195 428 9.1
195 479 10.0
196 197 9.7
196 198 17.7
196 199 7.8
196 200 12.6
196 201 4.5
196 202 8.5
196 203 3.0
196 204 12.0
196 205 7.2
196 206 4.4
196 207 19.9
196 208 7.9
196 209 3.5
196 210 18.2
196 211 13.5
196 212 1.2
196 213 9.8
196 214 8.5
196 215 19.8
196 216 17.1
197 198 15.6
197 199 13.0
197 200 10.7
197 201 15.1
197 202 4.4
197 203 12.4
197 204 12.3
197 205 14.3
197 206 17.0
197 207 7.8
197 208 12.7
197 209 19.5
197 210 9.2
197 211 10.1
197 212 4.1
197 213 15.5
197 214 17.1
197 215 16.6
197 216 4.0
197 217 18.7
197 239 19.5
197 349 16.6
197 356 7.8
198 199 18.6
198 200 18.2
198 201 7.2
198 202 13.9
198 203 13.6
198 204 15.9
198 205 5.0
198 206 13.3
198 207 16.8
198 208 7.3
198 209 15.6
198 210 17.2
198 211 17.0
198 212 8.8
198 213 5.1
198 214 6.2
198 215 13.1
198 216 13.8
198 217 9.0
198 218 12.1
198 303 7.6
198 454 14.2
199 200 19.0
199 201 7.9
199 202 8.7
199 203 9.8
199 204 5.0
199 205 17.5
199 206 12.8
199 207 9.2
199 208 14.7
199 209 4.8
199 210 15.0
199 211 18.9
199 212 1.9
199 213 9.4
199 214 12.4
199 215 17.1
199 216 18.1
199 217 10.8
199 218 1.6
199 219 8.3
199 322 12.2
199 334 18.5
199 357 14.3
200 201 9.0
200 202 16.7
200 203 6.6
200 204 16.8
200 205 12.8
200 206 12.3
200 207 15.9
200 208 1.2
200 209 14.7
200 210 17.1
200 211 11.3
200 212 1.8
200 213 9.3
200 214 18.2
200 215 13.6
200 216 9.6
200 217 13.9
200 218 10.9
200 219 4.8
200 220 3.9
200 264 11.4
200 431 3.6
201 202 8.0
201 203 17.2
201 204 8.1
201 205 13.2
201 206 15.3
201 207 13.5
201 208 3.2
201 209 7.5
201 210 2.8
201 211 9.0
201 212 4.9
201 213 3.6
201 214 7.1
201 215 17.2
201 216 11.8
201 217 11.5
201 218 6.4
201 219 1.8
201 220 19.8
201 221 3.9
201 269 8.7
201 408 6.4
201 427 2.0
202 203 9.0
202 204 9.3
202 205 10.7
202 206 3.4
202 207 3.9
202 208 11.9
202 209 8.7
202 210 4.7
202 211 1.7
202 212 17.8
202 213 5.6
202 214 5.8
202 215 9.9
202 216 3.3
202 217 13.1
202 218 9.5
202 219 10.3
202 220 5.3
202 221 11.1
202 222 6.2
202 289 11.6
202 494 12.7
203 204 16.5
203 205 7.5
203 206 14.3
203 207 3.7
203 208 9.3
203 209 1.6
203 210 12.2
203 211 13.2
203 212 6.6
203 213 13.6
203 214 5.2
203 215 10.4
203 216 9.2
203 217 11.7
203 218 16.6
203 219 1.1
203 220 19.6
203 221 8.1
203 222 6.4
203 223 3.2
203 357 5.1
203 393 19.9
203 421 5.6
203 465 19.4
204 205 13.9
204 206 19.3
204 207 19.5
204 208 12.9
204 209 2.4
204 210 1.5
204 211 1.0
204 212 8.8
204 213 6.3
204 214 15.7
204 215 17.9
204 216 6.2
204 217 12.5
204 218 2.7
204 219 8.4
204 220 12.8
204 221 16.6
204 222 13.8
204 223 17.9
204 224 8.7
204 241 9.1
204 373 5.5
204 420 10.1
204 438 4.5
204 475 7.8
205 206 19.2
205 207 2.6
205 208 13.8
205 209 15.2
205 210 6.1
205 211 13.9
205 212 5.7
205 213 5.5
205 214 5.8
205 215 5.2
205 216 10.2
205 217 7.4
205 218 5.8
205 219 11.2
205 220 11.0
205 221 18.8
205 222 17.3
205 223 5.4
205 224 10.5
205 225 6.8
205 261 11.3
205 267 13.9
205 279 4.5
205 283 14.4
205 303 4.6
205 428 12.3
206 207 11.1
206 208 10.3
206 209 1.5
206 210 1.1
206 211 10.8
206 212 18.4
206 213 5.5
206 214 10.2
206 215 15.7
206 216 15.8
206 217 16.7
206 218 18.8
206 219 8.1
206 220 19.9
206 221 6.6
206 222 9.7
206 223 15.7
206 224 2.9
206 225 2.4
206 226 11.2
207 208 4.2
207 209 10.7
207 210 6.8
207 211 17.9
207 212 17.2
207 213 8.6
207 214 17.3
207 215 12.1
207 216 4.6
207 217 19.2
207 218 1.4
207 219 16.4
207 220 8.9
207 221 11.5
207 222 5.7
207 223 12.3
207 224 19.2
207 225 11.6
207 226 7.7
207 227 14.8
207 294 14.3
207 332 2.6
207 448 15.3
208 209 15.7
208 210 7.0
208 211 5.8
208 212 5.2
208 213 18.8
208 214 18.2
208 215 17.1
208 216 3.5
208 217 14.4
208 218 14.9
208 219 18.4
208 220 1.8
208 221 5.3
208 222 19.1
208 223 11.9
208 224 6.7
208 225 19.6
208 226 2.7
208 227 7.1
208 228 10.4
208 273 7.6
208 315 11.0
208 333 17.5
208 335 19.3
208 445 2.1
209 210 3.5
209 211 5.1
209 212 1.7
209 213 5.7
209 214 13.6
209 215 14.5
209 216 2.4
209 217 1.7
209 218 13.0
209 219 17.5
209 220 17.9
209 221 8.3
209 222 10.7
209 223 11.9
209 224 2.5
209 225 11.6
209 226 9.0
209 227 10.6
209 228 15.0
209 229 12.2
209 297 4.0
209 446 13.8
209 490 2.7
210 211 15.6
210 212 12.5
210 213 18.7
210 214 15.6
210 215 10.5
210 216 18.0
210 217 16.7
210 218 15.5
210 219 16.1
210 220 17.2
210 221 2.8
210 222 5.6
210 223 10.6
210 224 18.2
210 225 10.0
210 226 5.7
210 227 18.2
210 228 12.9
210 229 9.9
210 230 16.2
210 252 16.5
210 311 10.3
210 461 4.1
211 212 17.7
211 213 9.3
211 214 16.0
211 215 16.7
211 216 16.3
211 217 11.6
211 218 15.8
211 219 11.8
211 220 18.3
211 221 10.5
211 222 6.6
211 223 1.7
211 224 2.2
211 225 10.8
211 226 4.2
211 227 18.0
211 228 4.9
211 229 12.1
211 230 5.8
211 231 7.0
211 408 17.2
211 451 6.6
212 213 16.9
212 214 2.5
212 215 3.9
212 216 19.3
212 217 10.0
212 218 14.4
212 219 18.9
212 220 16.2
212 221 16.6
212 222 14.3
212 223 14.9
212 224 11.2
212 225 1.4
212 226 18.7
212 227 4.8
212 228 9.2
212 229 3.9
212 230 6.2
212 231 7.6
212 232 3.1
212 384 5.7
212 459 7.6
213 214 19.6
213 215 18.0
213 216 7.2
213 217 1.5
213 218 11.9
213 219 9.2
213 220 18.7
213 221 16.1
213 222 1.4
213 223 19.8
213 224 6.6
213 225 19.7
213 226 1.8
213 227 4.2
213 228 12.2
213 229 17.1
213 230 1.5
213 231 16.4
213 232 13.3
213 233 12.6
213 254 1.9
213 293 2.6
213 300 14.5
214 215 13.0
214 216 3.5
214 217 4.0
214 218 6.2
214 219 5.1
214 220 4.1
214 221 16.7
214 222 8.4
214 223 14.1
214 224 14.1
214 225 10.5
214 226 1.4
214 227 11.6
214 228 5.4
214 229 3.0
214 230 12.0
214 231 14.7
214 232 4.8
214 233 17.1
214 234 18.0
214 319 15.7
214 328 19.9
214 469 17.0
214 474 3.2
214 488 16.8
215 216 9.7
215 217 7.3
215 218 13.7
215 219 10.5
215 220 16.1
215 221 13.6
215 222 17.7
215 223 6.4
215 224 4.0
215 225 15.5
215 226 14.2
215 227 16.8
215 228 17.4
215 229 5.0
215 230 2.2
215 231 17.7
215 232 11.2
215 233 11.7
215 234 19.1
215 235 5.2
215 237 16.6
215 268 8.5
215 448 16.3
215 489 15.5
216 217 14.2
216 218 7.8
216 219 2.1
216 220 12.9
216 221 4.6
216 222 2.2
216 223 13.0
216 224 4.8
216 225 1.4
216 226 12.8
216 227 14.6
216 228 3.0
216 229 17.9
216 230 6.2
216 231 7.1
216 232 16.7
216 233 18.1
216 234 7.0
216 235 5.0
216 236 4.2
216 353 3.7
216 467 15.2
217 218 1.8
217 219 8.6
217 220 19.2
217 221 2.1
217 222 15.5
217 223 7.9
217 224 18.7
217 225 11.0
217 226 13.7
217 227 19.6
217 228 11.3
217 229 5.4
217 230 2.1
217 231 8.1
217 232 6.0
217 233 17.3
217 234 9.1
217 235 14.9
217 236 7.0
217 237 9.1
217 268 8.6
217 329 1.4
218 219 8.5
218 220 8.1
218 221 10.8
218 222 1.9
218 223 5.0
218 224 4.6
218 225 15.9
218 226 18.6
218 227 16.9
218 228 15.1
218 229 19.4
218 230 10.5
218 231 7.5
218 232 4.9
218 233 8.7
218 234 15.3
218 235 17.1
218 236 6.2
218 237 16.9
218 238 13.1
218 242 5.6
218 325 8.2
218 339 8.6
218 388 6.5
218 463 4.8
218 492 10.6
219 220 12.4
219 221 13.2
219 222 17.9
219 223 7.6
219 224 19.7
219 225 8.5
219 226 17.4
219 227 14.5
219 228 12.2
219 229 19.4
219 230 9.6
219 231 16.7
219 232 13.0
219 233 3.2
219 234 13.5
219 235 19.9
219 236 8.5
219 237 18.4
219 238 2.2
219 239 18.2
219 281 11.1
219 319 12.0
219 373 5.3
220 221 10.8
220 222 18.7
220 223 14.2
220 224 17.0
220 225 12.2
220 226 14.5
220 227 8.6
220 228 6.9
220 229 6.8
220 230 2.9
220 231 16.0
220 232 10.2
220 233 6.5
220 234 4.1
220 235 9.4
220 236 7.0
220 237 1.6
220 238 11.3
220 239 1.2
220 240 14.3
220 254 5.4
220 363 15.5
220 405 6.8
220 469 18.1
220 473 6.5
221 222 5.3
221 223 19.2
221 224 7.0
221 225 15.5
221 226 14.8
221 227 2.4
221 228 14.8
221 229 2.6
221 230 10.4
221 231 6.8
221 232 9.2
221 233 5.1
221 234 12.8
221 235 13.5
221 236 14.4
221 237 12.4
221 238 18.4
221 239 1.2
221 240 15.7
221 241 17.0
221 275 16.2
221 332 7.3
221 352 4.9
221 416 5.5
222 223 18.9
222 224 18.2
222 225 8.9
222 226 13.2
222 227 15.1
222 228 15.9
222 229 8.0
222 230 13.5
222 231 11.4
222 232 17.4
222 233 12.4
222 234 15.5
222 235 11.6
222 236 10.0
222 237 2.2
222 238 10.2
222 239 15.8
222 240 15.7
222 241 10.5
222 242 14.3
222 297 4.3
222 392 18.4
222 446 11.2
223 224 5.8
223 225 4.8
223 226 7.9
223 227 19.6
223 228 16.6
223 229 17.5
223 230 4.1
223 231 3.2
223 232 4.0
223 233 5.3
223 234 17.3
223 235 6.3
223 236 10.0
223 237 14.7
223 238 8.4
223 239 11.7
223 240 18.2
223 241 14.7
223 242 19.6
223 243 18.8
223 263 18.8
223 321 8.3
224 225 4.1
224 226 5.7
224 227 11.8
224 228 15.6
224 229 19.5
224 230 4.2
224 231 12.1
224 232 12.5
224 233 17.8
224 234 2.3
224 235 9.3
224 236 7.4
224 237 17.2
224 238 15.5
224 239 17.5
224 240 11.5
224 241 1.1
224 242 3.5
224 243 5.8
224 244 15.3
224 352 12.6
224 358 6.0
224 465 3.3
224 476 12.8
224 490 6.3
225 226 15.8
225 227 2.0
225 228 2.7
225 229 2.9
225 230 14.7
225 231 5.3
225 232 19.4
225 233 16.3
225 234 6.1
225 235 10.8
225 236 9.0
225 237 18.2
225 238 14.6
225 239 8.2
225 240 19.5
225 241 18.6
225 242 3.2
225 243 2.3
225 244 19.2
225 245 7.2
225 338 3.7
225 383 5.4
225 422 1.7
225 457 8.9
225 498 2.6
226 227 19.9
226 228 7.2
226 229 7.0
226 230 3.2
226 231 17.5
226 232 3.0
226 233 15.2
226 234 17.3
226 235 18.6
226 236 17.0
226 237 5.8
226 238 6.7
226 239 2.0
226 240 15.5
226 241 15.9
226 242 17.0
226 243 5.2
226 244 10.9
226 245 11.9
226 246 9.4
226 386 2.1
226 421 5.2
227 228 17.7
227 229 14.4
227 230 8.1
227 231 7.0
227 232 2.5
227 233 9.7
227 234 10.4
227 235 6.3
227 236 14.7
227 237 15.2
227 238 3.3
227 239 15.0
227 240 14.7
227 241 1.3
227 242 11.8
227 243 19.4
227 244 5.7
227 245 3.7
227 246 12.4
227 247 6.3
227 325 6.3
227 351 18.0
227 438 17.4
228 229 5.4
228 230 4.4
228 231 10.6
228 232 13.6
228 233 10.7
228 234 3.2
228 235 2.5
228 236 2.3
228 237 3.8
228 238 8.2
228 239 19.1
228 240 1.7
228 241 16.3
228 242 4.4
228 243 3.8
228 244 16.1
228 245 13.0
228 246 19.1
228 247 1.8
228 248 14.8
228 354 8.5
228 488 4.8
228 497 2.8
229 230 3.3
229 231 15.1
229 232 17.8
229 233 2.7
229 234 7.3
229 235 1.4
229 236 9.7
229 237 13.5
229 238 5.9
229 239 6.1
229 240 12.5
229 241 16.1
229 242 12.3
229 243 13.8
229 244 3.8
229 245 15.0
229 246 1.8
229 247 5.2
229 248 15.8
229 249 12.4
229 351 12.4
230 231 18.6
230 232 17.5
230 233 12.5
230 234 15.9
230 235 18.7
230 236 6.7
230 237 13.3
230 238 13.3
230 239 5.6
230 240 16.7
230 241 10.2
230 242 16.9
230 243 9.4
230 244 3.2
230 245 7.1
230 246 2.2
230 247 13.7
230 248 12.5
230 249 6.9
230 250 6.4
231 232 12.6
231 233 5.7
231 234 10.5
231 235 8.6
231 236 13.6
231 237 2.2
231 238 2.6
231 239 8.6
231 240 7.9
231 241 2.1
231 242 3.3
231 243 8.3
231 244 13.0
231 245 13.6
231 246 18.5
231 247 14.1
231 248 19.2
231 249 19.6
231 250 15.3
231 251 2.8
231 286 6.5
231 363 18.8
231 383 5.9
232 233 18.0
232 234 13.3
232 235 8.2
232 236 11.5
232 237 4.2
232 238 4.8
232 239 12.8
232 240 14.8
232 241 9.4
232 242 6.5
232 243 2.5
232 244 16.4
232 245 17.0
232 246 1.7
232 247 16.5
232 248 17.8
232 249 18.9
232 250 14.4
232 251 10.4
232 252 3.6
232 484 18.6
233 234 14.2
233 235 11.8
233 236 19.5
233 237 19.7
233 238 6.0
233 239 13.7
233 240 5.1
233 241 5.5
233 242 16.4
233 243 8.0
233 244 11.0
233 245 18.9
233 246 18.2
233 247 9.6
233 248 5.6
233 249 10.2
233 250 13.2
233 251 9.1
233 252 18.1
233 253 4.1
233 284 8.4
233 347 2.6
233 378 7.8
234 235 1.1
234 236 5.7
234 237 10.0
234 238 18.6
234 239 10.1
234 240 6.1
234 241 15.3
234 242 16.7
234 243 14.7
234 244 11.6
234 245 7.3
234 246 5.6
234 247 12.4
234 248 5.3
234 249 3.5
234 250 13.5
234 251 3.2
234 252 5.5
234 253 16.8
234 254 19.5
234 296 1.0
234 404 15.7
234 438 18.0
235 236 1.4
235 237 5.6
235 238 20.0
235 239 7.2
235 240 3.5
235 241 9.7
235 242 19.1
235 243 8.5
235 244 17.4
235 245 7.4
235 246 5.3
235 247 4.1
235 248 9.6
235 249 9.0
235 250 5.3
235 251 4.4
235 252 9.5
235 253 6.9
235 254 9.6
235 255 11.2
235 350 13.8
235 425 15.3
235 458 2.3
236 237 12.6
236 238 13.8
236 239 18.1
236 240 14.9
236 241 14.1
236 242 15.2
236 243 13.5
236 244 6.6
236 245 14.2
236 246 7.3
236 247 10.0
236 248 9.2
236 249 3.6
236 250 14.6
236 251 9.0
236 252 15.4
236 253 9.4
236 254 7.3
236 255 9.4
236 256 9.9
236 271 4.4
236 432 9.7
237 238 4.2
237 239 13.5
237 240 3.6
237 241 2.5
237 242 19.0
237 243 3.9
237 244 10.8
237 245 13.9
237 246 17.1
237 247 8.3
237 248 16.2
237 249 16.6
237 250 14.3
237 251 18.1
237 252 1.0
237 253 5.8
237 254 18.7
237 255 7.0
237 256 2.8
237 257 8.7
237 398 4.1
238 239 15.4
238 240 1.7
238 241 2.9
238 242 15.8
238 243 12.8
238 244 9.0
238 245 15.0
238 246 6.0
238 247 17.8
238 248 12.6
238 249 18.2
238 250 1.3
238 251 13.3
238 252 4.2
238 253 16.7
238 254 8.5
238 255 12.9
238 256 14.7
238 257 7.0
238 258 8.9
238 283 3.8
238 435 12.6
239 240 11.0
239 241 3.1
239 242 12.7
239 243 9.4
239 244 19.7
239 245 18.2
239 246 9.1
239 247 19.2
239 248 5.3
239 249 7.0
239 250 12.9
239 251 12.8
239 252 14.6
239 253 13.0
239 254 4.8
239 255 3.0
239 256 5.0
239 257 8.2
239 258 7.3
239 259 12.1
239 311 10.2
239 498 16.3
240 241 6.9
240 242 11.6
240 243 1.5
240 244 9.3
240 245 13.4
240 246 17.6
240 247 11.5
240 248 2.1
240 249 6.1
240 250 2.8
240 251 1.9
240 252 2.9
240 253 15.4
240 254 15.3
240 255 18.6
240 256 2.4
240 257 2.3
240 258 4.9
240 259 18.6
240 260 4.4
240 354 17.2
240 442 15.2
241 242 1.6
241 243 19.6
241 244 10.3
241 245 15.5
241 246 18.0
241 247 14.5
241 248 20.0
241 249 6.4
241 250 13.0
241 251 13.2
241 252 14.7
241 253 4.5
241 254 9.7
241 255 2.6
241 256 6.5
241 257 4.9
241 258 5.3
241 259 10.6
241 260 7.3
241 261 17.3
241 264 1.9
241 289 10.6
242 243 5.9
242 244 9.6
242 245 19.1
242 246 14.2
242 247 14.6
242 248 3.0
242 249 6.9
242 250 10.7
242 251 3.6
242 252 2.7
242 253 5.7
242 254 3.7
242 255 2.7
242 256 5.2
242 257 4.6
242 258 17.9
242 259 12.2
242 260 19.3
242 261 17.3
242 262 1.6
242 294 13.6
242 343 2.7
242 490 4.5
243 244 16.3
243 245 9.7
243 246 4.1
243 247 12.7
243 248 9.8
243 249 2.5
243 250 7.4
243 251 6.1
243 252 19.4
243 253 4.0
243 254 14.6
243 255 8.3
243 256 10.0
243 257 13.7
243 258 13.2
243 259 9.0
243 260 10.7
243 261 4.9
243 262 6.1
243 263 19.6
243 297 14.0
243 318 4.4
243 385 15.0
243 464 2.9
244 245 13.4
244 246 6.4
244 247 12.4
244 248 6.6
244 249 16.8
244 250 4.5
244 251 7.7
244 252 19.7
244 253 13.5
244 254 19.7
244 255 2.0
244 256 14.1
244 257 9.8
244 258 13.4
244 259 4.2
244 260 7.1
244 261 17.7
244 262 6.0
244 263 7.2
244 264 12.9
245 246 4.2
245 247 8.3
245 248 14.2
245 249 19.4
245 250 16.2
245 251 13.0
245 252 8.2
245 253 15.4
245 254 7.3
245 255 18.5
245 256 11.3
245 257 4.3
245 258 5.6
245 259 18.1
245 260 18.3
245 261 17.7
245 262 4.8
245 263 4.4
245 264 13.4
245 265 9.2
245 365 8.0
245 400 17.0
245 429 8.4
245 483 5.3
246 247 11.7
246 248 5.4
246 249 7.8
246 250 16.0
246 251 17.8
246 252 14.7
246 253 3.9
246 254 13.3
246 255 11.9
246 256 19.1
246 257 2.2
246 258 6.6
246 259 15.1
246 260 4.1
246 261 9.8
246 262 11.9
246 263 14.6
246 264 10.0
246 265 12.3
246 266 8.2
246 449 18.8
246 483 7.6
247 248 18.2
247 249 3.7
247 250 3.1
247 251 1.5
247 252 13.0
247 253 8.7
247 254 17.9
247 255 17.5
247 256 5.4
247 257 10.5
247 258 9.9
247 259 19.6
247 260 7.7
247 261 8.9
247 262 7.6
247 263 8.4
247 264 14.7
247 265 2.0
247 266 1.8
247 267 3.7
247 281 12.4
247 400 6.4
247 420 1.6
247 464 11.7
247 494 10.2
248 249 4.7
248 250 10.7
248 251 15.2
248 252 3.3
248 253 10.9
248 254 14.5
248 255 9.2
248 256 18.4
248 257 2.3
248 258 11.2
248 259 5.3
248 260 17.2
248 261 2.5
248 262 10.9
248 263 16.5
248 264 17.9
248 265 10.3
248 266 18.2
248 267 4.4
248 268 12.3
248 305 4.4
248 312 1.4
249 250 12.0
249 251 10.7
249 252 13.1
249 253 1.7
249 254 9.2
249 255 15.7
249 256 16.4
249 257 5.8
249 258 1.3
249 259 6.6
249 260 15.8
249 261 2.8
249 262 11.5
249 263 12.5
249 264 12.4
249 265 19.7
249 266 18.5
249 267 14.8
249 268 9.8
249 269 18.3
249 330 12.2
249 444 3.2
250 251 3.9
250 252 16.1
250 253 1.4
250 254 18.8
250 255 14.2
250 256 15.8
250 257 7.8
250 258 1.1
250 259 8.4
250 260 19.5
250 261 11.0
250 262 15.2
250 263 16.4
250 264 14.7
250 265 1.9
250 266 7.6
250 267 10.9
250 268 11.2
250 269 4.6
250 270 7.4
250 413 7.1
250 496 2.4
251 252 19.0
251 253 1.6
251 254 17.7
251 255 14.0
251 256 2.2
251 257 19.0
251 258 3.7
251 259 4.7
251 260 3.8
251 261 2.6
251 262 14.9
251 263 13.5
251 264 4.8
251 265 8.5
251 266 12.7
251 267 4.3
251 268 19.0
251 269 5.7
251 270 7.7
251 271 12.0
251 380 14.2
251 387 13.4
252 253 2.5
252 254 2.7
252 255 10.9
252 256 17.3
252 257 5.8
252 258 3.8
252 259 15.3
252 260 7.7
252 261 5.8
252 262 4.8
252 263 11.8
252 264 18.9
252 265 8.7
252 266 9.7
252 267 16.8
252 268 10.2
252 269 5.4
252 270 3.4
252 271 7.1
252 272 19.1
252 326 17.3
252 349 4.4
253 254 2.8
253 255 18.4
253 256 13.5
253 257 7.0
253 258 19.5
253 259 16.9
253 260 12.5
253 261 5.7
253 262 17.6
253 263 5.8
253 264 5.2
253 265 18.2
253 266 6.5
253 267 15.8
253 268 10.7
253 269 7.8
253 270 16.3
253 271 9.3
253 272 1.7
253 273 11.4
253 275 15.5
253 380 19.7
253 459 11.4
254 255 11.9
254 256 18.7
254 257 9.2
254 258 16.4
254 259 18.3
254 260 6.4
254 261 11.3
254 262 6.9
254 263 6.4
254 264 14.3
254 265 7.0
254 266 18.2
254 267 10.6
254 268 9.1
254 269 4.4
254 270 18.0
254 271 18.8
254 272 1.7
254 273 20.0
254 274 19.2
254 416 1.2
255 256 17.2
255 257 12.2
255 258 2.1
255 259 4.3
255 260 12.8
255 261 10.3
255 262 3.0
255 263 1.2
255 264 4.4
255 265 13.9
255 266 14.0
255 267 10.1
255 268 12.3
255 269 15.3
255 270 8.1
255 271 3.6
255 272 2.4
255 273 16.6
255 274 19.2
255 275 3.7
255 332 2.3
255 388 4.8
255 433 9.9
256 257 17.3
256 258 12.2
256 259 12.8
256 260 19.8
256 261 12.5
256 262 13.4
256 263 5.7
256 264 19.4
256 265 11.7
256 266 16.3
256 267 6.8
256 268 17.4
256 269 12.9
256 270 10.4
256 271 19.6
256 272 16.5
256 273 7.2
256 274 8.9
256 275 16.9
256 276 7.2
256 390 4.7
256 457 16.9
256 496 19.0
257 258 16.3
257 259 5.7
257 260 3.7
257 261 3.8
257 262 1.6
257 263 2.9
257 264 16.9
257 265 3.5
257 266 4.5
257 267 16.8
257 268 14.1
257 269 4.9
257 270 17.6
257 271 6.0
257 272 2.2
257 273 16.4
257 274 1.2
257 275 12.6
257 276 11.9
257 277 12.8
257 476 13.4
258 259 1.2
258 260 17.3
258 261 6.0
258 262 1.9
258 263 17.3
258 264 14.1
258 265 15.2
258 266 16.0
258 267 12.0
258 268 16.5
258 269 10.9
258 270 1.0
258 271 2.1
258 272 2.8
258 273 11.5
258 274 7.5
258 275 4.9
258 276 17.8
258 277 2.8
258 278 14.1
258 325 14.3
258 429 5.4
259 260 11.4
259 261 6.9
259 262 18.6
259 263 13.3
259 264 15.7
259 265 8.4
259 266 18.8
259 267 3.7
259 268 17.6
259 269 5.7
259 270 8.1
259 271 15.6
259 272 14.0
259 273 16.6
259 274 18.1
259 275 2.2
259 276 1.3
259 277 16.0
259 278 13.6
259 279 7.8
260 261 3.5
260 262 18.0
260 263 1.2
260 264 7.8
260 265 11.2
260 266 7.7
260 267 10.0
260 268 7.9
260 269 14.5
260 270 2.3
260 271 18.5
260 272 12.1
260 273 4.6
260 274 4.3
260 275 9.5
260 276 8.6
260 277 2.2
260 278 13.4
260 279 19.0
260 280 16.4
260 292 13.3
260 337 4.6
260 496 9.4
261 262 14.8
261 263 2.6
261 264 10.6
261 265 8.1
261 266 12.4
261 267 10.3
261 268 10.9
261 269 10.8
261 270 8.8
261 271 1.6
261 272 16.1
261 273 13.9
261 274 10.0
261 275 18.6
261 276 18.9
261 277 10.0
261 278 18.8
261 279 14.9
261 280 1.9
261 281 16.4
261 290 13.0
261 301 9.1
261 400 7.0
262 263 18.2
262 264 8.4
262 265 19.6
262 266 15.2
262 267 2.2
262 268 15.8
262 269 11.0
262 270 3.5
262 271 10.1
262 272 3.8
262 273 18.8
262 274 9.1
262 275 17.7
262 276 11.6
262 277 14.7
262 278 11.0
262 279 6.8
262 280 2.4
262 281 5.6
262 282 11.8
262 304 12.4
262 345 13.4
262 480 1.9
263 264 8.0
263 265 6.0
263 266 3.9
263 267 12.0
263 268 15.6
263 269 1.2
263 270 10.9
263 271 4.1
263 272 8.5
263 273 16.0
263 274 15.7
263 275 17.5
263 276 4.0
263 277 6.1
263 278 8.4
263 279 1.3
263 280 12.3
263 281 16.6
263 282 18.4
263 283 15.0
263 408 2.4
263 446 4.8
263 490 16.0
264 265 2.8
264 266 2.2
264 267 8.8
264 268 6.9
264 269 3.2
264 270 9.0
264 271 9.0
264 272 13.2
264 273 14.6
264 274 3.8
264 275 19.8
264 276 7.7
264 277 19.3
264 278 7.3
264 279 3.9
264 280 4.8
264 281 4.1
264 282 10.9
264 283 4.9
264 284 15.9
264 313 4.2
264 390 11.0
264 408 7.3
265 266 7.3
265 267 18.8
265 268 19.1
265 269 14.0
265 270 18.1
265 271 14.9
265 272 20.0
265 273 19.5
265 274 3.4
265 275 4.4
265 276 19.3
265 277 7.3
265 278 3.4
265 279 11.0
265 280 19.1
265 281 19.0
265 282 19.4
265 283 10.7
265 284 7.3
265 285 18.0
265 341 11.0
265 495 12.4
266 267 17.4
266 268 5.3
266 269 13.6
266 270 7.9
266 271 10.1
266 272 1.6
266 273 15.7
266 274 19.7
266 275 3.4
266 276 9.6
266 277 15.3
266 278 19.1
266 279 3.7
266 280 19.5
266 281 17.1
266 282 5.1
266 283 17.2
266 284 14.6
266 285 15.5
266 286 13.8
266 304 10.4
267 268 1.4
267 269 10.9
267 270 18.9
267 271 4.8
267 272 13.1
267 273 10.1
267 274 5.2
267 275 19.9
267 276 15.0
267 277 15.8
267 278 16.0
267 279 15.3
267 280 16.2
267 281 2.7
267 282 14.0
267 283 11.1
267 284 2.5
267 285 5.1
267 286 6.8
267 287 7.5
267 463 9.0
268 269 19.1
268 270 13.9
268 271 4.1
268 272 16.4
268 273 4.5
268 274 5.0
268 275 7.2
268 276 13.7
268 277 12.8
268 278 2.3
268 279 19.9
268 280 19.9
268 281 19.1
268 282 13.5
268 283 15.0
268 284 6.5
268 285 4.8
268 286 17.2
268 287 10.4
268 288 8.5
268 352 6.7
268 389 17.9
268 406 10.0
269 270 7.3
269 271 16.1
269 272 5.6
269 273 16.6
269 274 8.2
269 275 1.2
269 276 7.8
269 277 7.7
269 278 12.0
269 279 5.1
269 280 18.3
269 281 13.5
269 282 8.0
269 283 15.4
269 284 5.5
269 285 6.7
269 286 1.9
269 287 11.1
269 288 10.9
269 289 14.5
269 347 14.2
270 271 5.0
270 272 18.4
270 273 11.8
270 274 4.6
270 275 3.1
270 276 17.2
270 277 2.5
270 278 3.2
270 279 3.3
270 280 6.9
270 281 17.3
270 282 9.4
270 283 13.4
270 284 19.1
270 285 5.0
270 286 8.9
270 287 12.9
270 288 11.1
270 289 16.7
270 290 9.5
270 303 1.2
270 399 11.1
270 466 16.2
271 272 13.1
271 273 12.1
271 274 3.0
271 275 17.4
271 276 4.7
271 277 16.7
271 278 6.0
271 279 12.1
271 280 5.7
271 281 2.1
271 282 7.5
271 283 14.0
271 284 12.4
271 285 17.0
271 286 2.6
271 287 6.2
271 288 1.3
271 289 17.4
271 290 13.6
271 291 10.9
272 273 12.9
272 274 16.4
272 275 2.0
272 276 17.2
272 277 16.1
272 278 10.2
272 279 10.3
272 280 16.4
272 281 13.7
272 282 3.9
272 283 11.0
272 284 4.8
272 285 1.4
272 286 9.8
272 287 16.9
272 288 14.7
272 289 9.7
272 290 19.3
272 291 12.2
272 292 17.0
272 361 13.1
272 381 1.3
272 491 16.2
273 274 5.2
273 275 7.1
273 276 10.8
273 277 2.4
273 278 12.4
273 279 19.5
273 280 4.7
273 281 16.2
273 282 5.4
273 283 16.7
273 284 13.3
273 285 13.3
273 286 10.9
273 287 17.3
273 288 1.9
273 289 13.4
273 290 1.4
273 291 8.1
273 292 14.6
273 293 15.6
273 303 17.2
273 305 15.0
273 391 2.7
273 426 7.8
274 275 8.1
274 276 20.0
274 277 1.2
274 278 3.4
274 279 6.8
274 280 5.8
274 281 14.6
274 282 4.5
274 283 3.3
274 284 13.5
274 285 3.4
274 286 10.7
274 287 18.2
274 288 14.5
274 289 8.6
274 290 1.9
274 291 4.8
274 292 12.8
274 293 3.9
274 294 6.5
274 297 11.2
274 338 14.3
274 388 17.9
274 484 14.2
275 276 2.0
275 277 19.4
275 278 5.4
275 279 11.8
275 280 13.3
275 281 17.1
275 282 4.9
275 283 12.2
275 284 5.4
275 285 18.1
275 286 7.6
275 287 4.7
275 288 8.5
275 289 7.3
275 290 6.1
275 291 7.7
275 292 7.1
275 293 1.3
275 294 16.5
275 295 2.6
275 309 1.6
275 353 2.9
275 484 15.2
275 496 6.3
276 277 1.4
276 278 10.6
276 279 18.8
276 280 3.2
276 281 3.9
276 282 2.2
276 283 18.3
276 284 9.3
276 285 6.0
276 286 17.4
276 287 2.9
276 288 7.9
276 289 10.4
276 290 14.9
276 291 4.9
276 292 19.1
276 293 15.0
276 294 2.8
276 295 17.5
276 296 16.9
276 364 2.6
276 487 4.4
277 278 13.7
277 279 9.2
277 280 14.1
277 281 12.4
277 282 7.4
277 283 10.4
277 284 15.9
277 285 4.3
277 286 6.3
277 287 3.2
277 288 12.6
277 289 17.6
277 290 19.2
277 291 7.3
277 292 4.3
277 293 10.8
277 294 8.5
277 295 10.1
277 296 17.3
277 297 7.6
277 328 9.0
277 482 7.6
278 279 7.7
278 280 12.8
278 281 16.1
278 282 1.6
278 283 1.9
278 284 17.9
278 285 20.0
278 286 4.9
278 287 4.4
278 288 18.7
278 289 7.3
278 290 13.5
278 291 16.7
278 292 5.0
278 293 12.0
278 294 3.2
278 295 3.2
278 296 11.9
278 297 16.2
278 298 2.6
278 425 11.2
279 280 7.0
279 281 17.7
279 282 6.4
279 283 5.4
279 284 13.8
279 285 12.9
279 286 6.5
279 287 10.5
279 288 19.4
279 289 6.5
279 290 8.0
279 291 17.8
279 292 12.7
279 293 15.1
279 294 12.5
279 295 11.2
279 296 18.2
279 297 2.0
279 298 6.9
279 299 9.3
279 342 6.0
279 359 13.9
279 420 13.8
279 496 6.9
280 281 8.4
280 282 8.3
280 283 14.5
280 284 8.5
280 285 13.0
280 286 19.0
280 287 13.9
280 288 10.8
280 289 8.7
280 290 16.4
280 291 9.5
280 292 10.1
280 293 15.6
280 294 4.4
280 295 6.5
280 296 6.0
280 297 9.8
280 298 12.0
280 299 13.7
280 300 18.8
280 387 7.0
280 404 1.1
280 485 12.5
281 282 16.6
281 283 9.4
281 284 2.4
281 285 10.5
281 286 9.8
281 287 19.7
281 288 11.9
281 289 11.9
281 290 3.5
281 291 1.8
281 292 7.4
281 293 9.0
281 294 5.5
281 295 3.6
281 296 5.3
281 297 16.0
281 298 12.0
281 299 9.5
281 300 14.7
281 301 8.6
281 369 8.7
281 387 9.4
281 391 12.4
282 283 16.7
282 284 3.0
282 285 7.6
282 286 10.0
282 287 4.4
282 288 20.0
282 289 7.7
282 290 14.1
282 291 10.5
282 292 1.7
282 293 1.9
282 294 11.0
282 295 1.2
282 296 12.9
282 297 19.3
282 298 15.7
282 299 8.9
282 300 13.8
282 301 15.2
282 302 12.9
282 323 4.7
282 407 3.7
282 495 12.3
283 284 4.5
283 285 4.7
283 286 18.4
283 287 18.1
283 288 1.8
283 289 19.6
283 290 15.8
283 291 12.1
283 292 3.6
283 293 19.9
283 294 7.1
283 295 12.5
283 296 16.5
283 297 9.5
283 298 1.6
283 299 13.4
283 300 2.0
283 301 9.4
283 302 10.0
283 303 1.1
283 390 5.2
283 477 8.8
284 285 6.8
284 286 16.4
284 287 9.5
284 288 1.4
284 289 17.1
284 290 11.2
284 291 7.8
284 292 5.3
284 293 17.5
284 294 3.6
284 295 1.7
284 296 12.3
284 297 3.2
284 298 3.5
284 299 6.4
284 300 2.7
284 301 18.0
284 302 9.2
284 303 14.2
284 304 3.7
284 333 19.0
284 409 14.4
284 424 1.1
284 449 2.9
285 286 16.0
285 287 6.7
285 288 18.8
285 289 18.3
285 290 1.5
285 291 14.2
285 292 18.4
285 293 8.4
285 294 19.2
285 295 8.7
285 296 11.1
285 297 2.5
285 298 11.1
285 299 18.2
285 300 14.1
285 301 3.2
285 302 6.4
285 303 16.9
285 304 4.5
285 305 2.0
285 340 4.5
285 407 19.7
286 287 11.2
286 288 8.7
286 289 16.0
286 290 14.7
286 291 15.5
286 292 8.0
286 293 6.2
286 294 13.1
286 295 10.8
286 296 18.2
286 297 14.9
286 298 5.1
286 299 16.6
286 300 9.3
286 301 13.1
286 302 15.7
286 303 10.6
286 304 2.4
286 305 18.6
286 306 11.8
286 337 5.7
286 409 5.1
286 428 5.8
287 288 10.1
287 289 2.4
287 290 4.3
287 291 7.9
287 292 8.0
287 293 9.5
287 294 17.3
287 295 2.2
287 296 14.4
287 297 3.2
287 298 5.2
287 299 18.8
287 300 16.0
287 301 5.1
287 302 19.4
287 303 13.6
287 304 13.0
287 305 18.8
287 306 8.2
287 307 17.2
288 289 14.5
288 290 13.9
288 291 12.1
288 292 8.5
288 293 14.3
288 294 16.2
288 295 1.0
288 296 17.2
288 297 19.9
288 298 18.8
288 299 3.5
288 300 8.7
288 301 2.1
288 302 19.6
288 303 7.1
288 304 14.4
288 305 14.3
288 306 17.6
288 307 13.0
288 308 3.2
288 339 12.4
288 364 13.4
288 434 9.0
288 472 19.1
289 290 11.7
289 291 15.5
289 292 10.4
289 293 11.5
289 294 19.6
289 295 16.6
289 296 7.8
289 297 12.2
289 298 16.6
289 299 18.3
289 300 5.4
289 301 18.7
289 302 2.8
289 303 9.9
289 304 18.9
289 305 4.6
289 306 13.9
289 307 2.5
289 308 5.9
289 309 2.2
289 318 10.2
289 393 10.7
289 410 10.3
290 291 1.2
290 292 3.4
290 293 17.5
290 294 19.5
290 295 6.3
290 296 18.7
290 297 17.7
290 298 18.6
290 299 1.4
290 300 14.0
290 301 17.4
290 302 5.7
290 303 8.6
290 304 14.5
290 305 15.1
290 306 3.1
290 307 13.7
290 308 9.4
290 309 19.8
290 310 4.8
290 452 18.9
291 292 9.9
291 293 16.5
291 294 16.7
291 295 5.5
291 296 16.1
291 297 14.0
291 298 17.5
291 299 12.1
291 300 17.2
291 301 17.3
291 302 3.8
291 303 16.7
291 304 15.3
291 305 14.3
291 306 4.2
291 307 17.1
291 308 15.1
291 309 9.7
291 310 17.6
291 311 15.9
291 396 12.2
291 489 9.2
292 293 3.7
292 294 1.2
292 295 15.2
292 296 10.6
292 297 7.8
292 298 7.0
292 299 12.2
292 300 13.3
292 301 17.2
292 302 11.4
292 303 14.0
292 304 17.8
292 305 14.0
292 306 3.0
292 307 16.4
292 308 6.3
292 309 4.9
292 310 15.3
292 311 7.3
292 312 8.0
292 397 2.0
292 408 8.6
293 294 17.0
293 295 19.3
293 296 16.0
293 297 8.3
293 298 1.7
293 299 11.3
293 300 11.3
293 301 5.1
293 302 1.8
293 303 2.6
293 304 5.3
293 305 6.9
293 306 17.5
293 307 12.3
293 308 13.8
293 309 4.7
293 310 14.8
293 311 17.5
293 312 1.1
293 313 8.6
293 408 17.0
293 424 17.5
293 472 2.7
293 492 12.3
294 295 9.9
294 296 7.2
294 297 2.3
294 298 10.4
294 299 7.3
294 300 10.1
294 301 8.6
294 302 14.9
294 303 12.6
294 304 4.0
294 305 9.2
294 306 6.2
294 307 13.1
294 308 13.3
294 309 11.1
294 310 2.3
294 311 14.3
294 312 18.9
294 313 10.3
294 314 3.1
294 355 13.1
294 424 11.5
294 498 13.3
295 296 1.7
295 297 1.2
295 298 13.2
295 299 2.7
295 300 2.9
295 301 2.3
295 302 11.7
295 303 14.3
295 304 18.9
295 305 7.2
295 306 4.7
295 307 18.7
295 308 18.3
295 309 2.7
295 310 12.6
295 311 9.0
295 312 2.6
295 313 14.3
295 314 2.6
295 315 19.0
296 297 8.8
296 298 1.9
296 299 9.4
296 300 3.7
296 301 16.1
296 302 9.8
296 303 10.6
296 304 9.9
296 305 12.5
296 306 16.5
296 307 19.8
296 308 6.6
296 309 16.6
296 310 6.0
296 311 6.9
296 312 2.3
296 313 6.7
296 314 15.9
296 315 18.1
296 316 6.1
296 394 9.2
297 298 16.5
297 299 12.8
297 300 18.0
297 301 13.4
297 302 4.1
297 303 8.4
297 304 16.3
297 305 1.8
297 306 3.1
297 307 1.5
297 308 13.7
297 309 1.4
297 310 17.1
297 311 17.4
297 312 16.8
297 313 7.1
297 314 7.8
297 315 15.4
297 316 1.6
297 317 15.1
297 373 13.5
298 299 2.7
298 300 14.0
298 301 13.0
298 302 13.9
298 303 14.8
298 304 6.5
298 305 16.0
298 306 12.0
298 307 12.8
298 308 12.6
298 309 6.7
298 310 19.1
298 311 12.4
298 312 6.1
298 313 7.4
298 314 18.3
298 315 15.2
298 316 9.7
298 317 2.5
298 318 3.0
298 427 13.5
299 300 7.1
299 301 16.1
299 302 18.8
299 303 10.6
299 304 14.9
299 305 16.8
299 306 5.3
299 307 13.3
299 308 5.4
299 309 8.2
299 310 15.9
299 311 3.8
299 312 2.6
299 313 6.4
299 314 9.7
299 315 9.2
299 316 1.6
299 317 1.7
299 318 17.5
299 319 7.8
299 385 18.7
299 443 12.3
299 447 9.7
300 301 7.4
300 302 15.2
300 303 10.1
300 304 19.1
300 305 10.5
300 306 9.0
300 307 10.0
300 308 13.4
300 309 1.6
300 310 14.3
300 311 19.6
300 312 17.1
300 313 3.5
300 314 19.8
300 315 3.7
300 316 12.9
300 317 6.6
300 318 10.3
300 319 6.2
300 320 11.2
300 424 2.8
300 464 18.9
301 302 7.0
301 303 2.2
301 304 2.2
301 305 16.6
301 306 15.6
301 307 18.5
301 308 19.5
301 309 19.9
301 310 17.3
301 311 10.9
301 312 3.4
301 313 4.9
301 314 7.0
301 315 18.2
301 316 7.7
301 317 13.3
301 318 14.4
301 319 5.9
301 320 5.1
301 321 13.1
301 366 16.3
301 430 8.3
302 303 6.0
302 304 5.7
302 305 2.7
302 306 9.8
302 307 3.0
302 308 9.0
302 309 4.1
302 310 17.0
302 311 6.3
302 312 1.6
302 313 19.8
302 314 15.7
302 315 6.9
302 316 9.3
302 317 1.7
302 318 16.8
302 319 14.6
302 320 6.1
302 321 18.5
302 322 2.7
302 364 3.3
302 410 18.6
302 471 15.4
303 304 14.2
303 305 7.6
303 306 3.3
303 307 12.8
303 308 10.9
303 309 2.4
303 310 7.3
303 311 6.0
303 312 17.4
303 313 6.0
303 314 9.1
303 315 18.5
303 316 1.2
303 317 14.1
303 318 14.0
303 319 7.7
303 320 4.7
303 321 14.8
303 322 5.0
303 323 2.7
303 362 2.7
303 402 2.6
303 413 5.7
304 305 5.9
304 306 18.7
304 307 14.9
304 308 15.6
304 309 10.4
304 310 5.5
304 311 9.2
304 312 18.0
304 313 16.4
304 314 17.1
304 315 6.6
304 316 18.2
304 317 1.8
304 318 3.3
304 319 17.4
304 320 5.5
304 321 17.4
304 322 12.8
304 323 14.5
304 324 5.1
304 363 16.5
304 417 15.8
304 440 1.9
305 306 10.9
305 307 8.3
305 308 11.8
305 309 16.3
305 310 15.0
305 311 3.0
305 312 14.7
305 313 6.0
305 314 12.6
305 315 11.2
305 316 8.5
305 317 11.3
305 318 2.2
305 319 10.7
305 320 5.2
305 321 7.0
305 322 4.3
305 323 11.2
305 324 4.2
305 325 2.0
305 360 19.5
305 405 6.0
305 429 5.0
306 307 14.3
306 308 15.0
306 309 5.8
306 310 9.2
306 311 11.2
306 312 16.6
306 313 11.6
306 314 15.9
306 315 15.8
306 316 1.9
306 317 14.1
306 318 10.1
306 319 19.4
306 320 4.6
306 321 4.9
306 322 8.2
306 323 18.3
306 324 6.2
306 325 18.7
306 326 14.2
306 351 4.4
307 308 3.3
307 309 18.7
307 310 5.4
307 311 15.0
307 312 7.9
307 313 9.5
307 314 11.2
307 315 6.8
307 316 12.7
307 317 9.3
307 318 6.5
307 319 11.4
307 320 16.9
307 321 16.1
307 322 15.7
307 323 3.3
307 324 19.7
307 325 19.1
307 326 10.5
307 327 9.0
307 423 12.5
308 309 10.6
308 310 15.2
308 311 8.5
308 312 19.3
308 313 18.6
308 314 10.5
308 315 4.0
308 316 15.8
308 317 1.8
308 318 8.5
308 319 18.6
308 320 10.9
308 321 11.4
308 322 14.5
308 323 19.7
308 324 19.7
308 325 18.6
308 326 13.4
308 327 18.9
308 328 19.0
308 333 19.4
308 344 17.2
308 412 7.9
308 436 10.5
308 459 4.3
308 470 8.2
309 310 11.3
309 311 18.0
309 312 18.5
309 313 12.2
309 314 10.4
309 315 8.6
309 316 17.8
309 317 9.2
309 318 11.0
309 319 8.0
309 320 18.6
309 321 7.4
309 322 13.6
309 323 13.8
309 324 18.0
309 325 4.1
309 326 1.7
309 327 15.1
309 328 4.0
309 329 8.6
309 361 6.2
309 387 18.5
309 393 3.7
309 412 17.1
309 420 4.7
310 311 8.9
310 312 14.0
310 313 13.1
310 314 15.5
310 315 18.5
310 316 2.9
310 317 4.6
310 318 7.0
310 319 7.8
310 320 15.2
310 321 14.1
310 322 1.9
310 323 18.5
310 324 13.2
310 325 19.1
310 326 7.0
310 327 9.5
310 328 8.1
310 329 2.5
310 330 11.7
310 384 12.4
310 408 16.0
310 441 15.5
311 312 5.0
311 313 17.0
311 314 6.5
311 315 6.8
311 316 10.9
311 317 18.8
311 318 17.7
311 319 4.2
311 320 9.6
311 321 4.6
311 322 4.9
311 323 10.6
311 324 10.9
311 325 9.1
311 326 14.2
311 327 8.2
311 328 19.4
311 329 4.4
311 330 18.2
311 331 2.2
311 343 5.4
312 313 9.6
312 314 13.1
312 315 2.4
312 316 15.2
312 317 8.9
312 318 12.1
312 319 10.3
312 320 3.1
312 321 15.2
312 322 11.2
312 323 4.9
312 324 19.8
312 325 12.4
312 326 10.3
312 327 16.1
312 328 5.8
312 329 9.9
312 330 13.8
312 331 4.3
312 332 2.1
312 354 4.3
313 314 1.1
313 315 13.3
313 316 3.8
313 317 16.5
313 318 9.2
313 319 13.2
313 320 13.5
313 321 3.4
313 322 9.5
313 323 19.2
313 324 5.4
313 325 14.7
313 326 8.5
313 327 6.2
313 328 18.9
313 329 13.4
313 330 3.8
313 331 3.6
313 332 9.6
313 333 14.6
314 315 14.3
314 316 5.7
314 317 11.9
314 318 3.1
314 319 6.0
314 320 18.3
314 321 2.4
314 322 18.5
314 323 10.8
314 324 4.6
314 325 6.8
314 326 11.7
314 327 9.0
314 328 13.5
314 329 6.4
314 330 8.6
314 331 16.3
314 332 18.2
314 333 3.2
314 334 4.2
315 316 13.2
315 317 18.7
315 318 19.8
315 319 14.2
315 320 12.2
315 321 17.1
315 322 12.0
315 323 11.5
315 324 2.8
315 325 13.7
315 326 11.9
315 327 4.8
315 328 11.0
315 329 10.9
315 330 16.6
315 331 7.2
315 332 13.7
315 333 11.2
315 334 10.5
315 335 16.4
316 317 17.7
316 318 6.6
316 319 19.5
316 320 16.2
316 321 10.0
316 322 10.0
316 323 19.4
316 324 9.0
316 325 17.5
316 326 10.5
316 327 6.0
316 328 18.7
316 329 12.7
316 330 2.4
316 331 14.0
316 332 8.0
316 333 5.7
316 334 11.1
316 335 1.2
316 336 19.4
316 345 1.4
316 355 13.7
316 451 13.3
316 470 8.6
317 318 6.6
317 319 7.9
317 320 12.3
317 321 16.6
317 322 16.9
317 323 3.6
317 324 18.2
317 325 10.4
317 326 5.8
317 327 3.4
317 328 12.3
317 329 10.8
317 330 13.8
317 331 17.9
317 332 1.2
317 333 8.1
317 334 17.7
317 335 10.0
317 336 9.7
317 337 17.5
317 340 1.9
318 319 14.2
318 320 13.6
318 321 3.8
318 322 13.1
318 323 4.3
318 324 4.9
318 325 17.6
318 326 6.5
318 327 18.4
318 328 16.5
318 329 8.5
318 330 19.2
318 331 8.4
318 332 10.9
318 333 19.2
318 334 15.9
318 335 5.1
318 336 18.9
318 337 12.3
318 338 2.3
319 320 7.2
319 321 7.5
319 322 15.1
319 323 13.4
319 324 13.4
319 325 9.6
319 326 7.4
319 327 13.1
319 328 13.1
319 329 11.8
319 330 1.7
319 331 11.3
319 332 2.9
319 333 10.7
319 334 3.9
319 335 15.5
319 336 12.0
319 337 11.5
319 338 12.4
319 339 14.4
319 356 5.2
319 360 6.7
319 366 14.6
319 429 7.9
320 321 14.4
320 322 19.6
320 323 2.4
320 324 9.7
320 325 17.2
320 326 13.0
320 327 18.8
320 328 16.1
320 329 7.6
320 330 16.3
320 331 12.0
320 332 1.9
320 333 3.9
320 334 13.1
320 335 10.9
320 336 14.4
320 337 3.0
320 338 11.7
320 339 17.0
320 340 9.4
321 322 13.2
321 323 8.9
321 324 16.2
321 325 16.4
321 326 17.6
321 327 20.0
321 328 4.3
321 329 15.4
321 330 10.5
321 331 4.9
321 332 11.5
321 333 9.5
321 334 3.7
321 335 17.0
321 336 18.5
321 337 16.4
321 338 6.4
321 339 6.2
321 340 6.8
321 341 6.2
321 461 12.8
322 323 13.3
322 324 14.4
322 325 4.7
322 326 14.8
322 327 1.7
322 328 3.2
322 329 10.1
322 330 1.9
322 331 3.6
322 332 1.3
322 333 14.6
322 334 14.5
322 335 4.1
322 336 19.9
322 337 6.7
322 338 4.7
322 339 11.1
322 340 8.2
322 341 1.3
322 342 8.1
323 324 7.5
323 325 18.4
323 326 1.6
323 327 14.0
323 328 13.7
323 329 19.2
323 330 18.1
323 331 5.2
323 332 5.4
323 333 8.8
323 334 3.4
323 335 2.9
323 336 5.7
323 337 5.2
323 338 4.6
323 339 10.5
323 340 18.9
323 341 6.4
323 342 18.5
323 343 2.5
323 357 17.7
324 325 5.1
324 326 4.3
324 327 2.4
324 328 17.5
324 329 3.6
324 330 11.5
324 331 3.3
324 332 11.8
324 333 7.4
324 334 18.4
324 335 14.2
324 336 15.7
324 337 7.4
324 338 14.4
324 339 18.8
324 340 11.5
324 341 14.9
324 342 11.7
324 343 7.1
324 344 19.0
324 417 11.0
324 452 2.9
324 455 11.3
324 488 8.0
325 326 1.8
325 327 10.1
325 328 14.2
325 329 4.4
325 330 16.4
325 331 16.2
325 332 18.6
325 333 5.9
325 334 16.6
325 335 7.5
325 336 17.3
325 337 8.8
325 338 16.5
325 339 8.2
325 340 13.9
325 341 13.3
325 342 11.3
325 343 13.2
325 344 10.9
325 345 8.3
325 369 8.6
325 373 11.8
325 403 15.6
325 430 15.2
325 449 18.9
325 498 2.6
326 327 14.4
326 328 14.6
326 329 6.5
326 330 2.0
326 331 17.8
326 332 9.5
326 333 5.9
326 334 4.4
326 335 4.7
326 336 5.2
326 337 12.4
326 338 2.1
326 339 8.1
326 340 9.1
326 341 14.3
326 342 1.8
326 343 1.7
326 344 4.9
326 345 18.2
326 346 14.3
326 361 7.3
326 419 11.0
327 328 15.3
327 329 18.8
327 330 6.1
327 331 19.0
327 332 14.0
327 333 15.3
327 334 7.9
327 335 16.8
327 336 4.8
327 337 11.0
327 338 3.8
327 339 18.9
327 340 12.8
327 341 16.6
327 342 17.6
327 343 19.8
327 344 19.3
327 345 8.6
327 346 6.3
327 347 17.9
327 389 4.7
327 481 4.0
327 483 9.9
328 329 19.1
328 330 19.7
328 331 12.0
328 332 15.4
328 333 8.1
328 334 2.8
328 335 12.4
328 336 10.7
328 337 7.9
328 338 7.1
328 339 2.3
328 340 2.7
328 341 5.1
328 342 9.0
328 343 8.1
328 344 14.6
328 345 14.1
328 346 19.3
328 347 6.3
328 348 1.4
329 330 8.3
329 331 19.3
329 332 8.8
329 333 17.9
329 334 19.9
329 335 2.6
329 336 6.8
329 337 18.7
329 338 11.5
329 339 18.9
329 340 16.1
329 341 4.7
329 342 18.8
329 343 8.2
329 344 17.0
329 345 15.6
329 346 19.8
329 347 2.9
329 348 16.4
329 349 6.5
329 444 14.0
330 331 6.8
330 332 10.7
330 333 4.9
330 334 4.9
330 335 3.3
330 336 2.6
330 337 12.1
330 338 14.5
330 339 13.6
330 340 6.1
330 341 8.7
330 342 9.2
330 343 4.4
330 344 19.4
330 345 12.0
330 346 6.2
330 347 16.9
330 348 4.1
330 349 12.1
330 350 7.5
331 332 5.5
331 333 16.4
331 334 10.6
331 335 10.7
331 336 13.2
331 337 4.3
331 338 17.4
331 339 17.7
331 340 16.9
331 341 9.6
331 342 7.9
331 343 7.2
331 344 5.9
331 345 18.7
331 346 5.1
331 347 19.7
331 348 11.5
331 349 5.6
331 350 14.6
331 351 3.4
332 333 9.1
332 334 9.1
332 335 4.0
332 336 3.5
332 337 8.0
332 338 7.2
332 339 9.4
332 340 9.4
332 341 19.1
332 342 17.6
332 343 6.9
332 344 17.6
332 345 10.0
332 346 3.9
332 347 18.4
332 348 7.4
332 349 14.6
332 350 17.3
332 351 8.6
332 352 17.4
333 334 13.6
333 335 12.1
333 336 2.3
333 337 5.2
333 338 6.5
333 339 10.5
333 340 8.7
333 341 1.9
333 342 2.1
333 343 6.7
333 344 12.0
333 345 14.7
333 346 13.6
333 347 5.8
333 348 8.3
333 349 18.8
333 350 10.1
333 351 15.1
333 352 6.2
333 353 7.5
333 406 1.3
333 456 15.6
333 477 6.3
334 335 18.8
334 336 19.1
334 337 18.9
334 338 3.5
334 339 11.7
334 340 4.9
334 341 12.3
334 342 6.5
334 343 1.4
334 344 17.5
334 345 14.8
334 346 6.0
334 347 2.1
334 348 7.1
334 349 17.8
334 350 11.1
334 351 2.2
334 352 14.3
334 353 13.6
334 354 8.2
335 336 6.2
335 337 19.9
335 338 6.5
335 339 2.7
335 340 14.9
335 341 15.5
335 342 6.0
335 343 10.4
335 344 11.7
335 345 14.4
335 346 1.2
335 347 4.5
335 348 14.9
335 349 1.1
335 350 9.3
335 351 7.5
335 352 16.3
335 353 17.1
335 354 17.1
335 355 1.3
335 367 16.8
336 337 1.1
336 338 4.4
336 339 19.4
336 340 5.2
336 341 6.9
336 342 10.6
336 343 6.3
336 344 12.5
336 345 4.5
336 346 7.3
336 347 9.8
336 348 19.3
336 349 9.4
336 350 6.2
336 351 7.9
336 352 7.2
336 353 14.1
336 354 8.2
336 355 1.0
336 356 8.5
337 338 6.4
337 339 8.1
337 340 10.3
337 341 10.0
337 342 10.1
337 343 5.4
337 344 17.3
337 345 6.1
337 346 15.3
337 347 19.9
337 348 6.3
337 349 6.2
337 350 7.8
337 351 1.2
337 352 12.9
337 353 12.9
337 354 4.4
337 355 18.1
337 356 15.5
337 357 11.9
337 427 1.1
337 452 4.3
338 339 2.4
338 340 17.3
338 341 14.4
338 342 18.3
338 343 3.8
338 344 8.9
338 345 10.5
338 346 13.9
338 347 10.5
338 348 18.1
338 349 1.9
338 350 18.0
338 351 7.7
338 352 11.3
338 353 1.7
338 354 1.2
338 355 2.6
338 356 6.1
338 357 19.7
338 358 4.5
338 368 8.0
338 465 2.0
339 340 19.0
339 341 16.4
339 342 9.2
339 343 6.0
339 344 1.5
339 345 5.6
339 346 13.6
339 347 1.2
339 348 13.8
339 349 11.6
339 350 7.4
339 351 15.8
339 352 15.6
339 353 8.1
339 354 9.0
339 355 5.5
339 356 2.0
339 357 12.1
339 358 8.3
339 359 7.7
339 380 2.9
340 341 16.2
340 342 8.5
340 343 15.8
340 344 18.7
340 345 10.7
340 346 4.8
340 347 14.4
340 348 17.6
340 349 15.3
340 350 6.7
340 351 8.6
340 352 8.7
340 353 12.6
340 354 4.5
340 355 6.0
340 356 14.6
340 357 15.6
340 358 4.5
340 359 7.3
340 360 12.8
340 369 3.2
341 342 6.0
341 343 19.4
341 344 16.6
341 345 15.5
341 346 13.5
341 347 8.5
341 348 11.3
341 349 4.3
341 350 6.4
341 351 2.9
341 352 8.2
341 353 11.8
341 354 11.4
341 355 10.9
341 356 10.3
341 357 16.8
341 358 12.8
341 359 1.1
341 360 1.9
341 361 19.5
341 457 10.4
341 498 6.4
342 343 19.4
342 344 10.7
342 345 14.4
342 346 4.5
342 347 16.3
342 348 7.8
342 349 4.9
342 350 19.2
342 351 8.8
342 352 11.0
342 353 13.4
342 354 10.4
342 355 16.5
342 356 4.5
342 357 10.7
342 358 12.0
342 359 18.3
342 360 8.2
342 361 19.2
342 362 6.6
342 380 14.8
342 385 12.5
342 394 9.8
342 395 7.4
342 444 15.5
342 458 17.2
342 476 17.9
342 485 13.4
343 344 4.2
343 345 3.8
343 346 12.9
343 347 15.6
343 348 8.6
343 349 10.0
343 350 3.6
343 351 11.3
343 352 14.9
343 353 18.2
343 354 7.3
343 355 3.7
343 356 9.6
343 357 15.8
343 358 1.1
343 359 17.2
343 360 12.6
343 361 15.5
343 362 9.8
343 363 19.3
343 398 8.0
344 345 18.0
344 346 11.8
344 347 11.6
344 348 5.2
344 349 10.2
344 350 7.9
344 351 2.6
344 352 9.5
344 353 10.4
344 354 16.1
344 355 13.9
344 356 2.9
344 357 1.8
344 358 9.8
344 359 17.9
344 360 5.5
344 361 3.9
344 362 8.3
344 363 15.6
344 364 2.6
344 453 14.2
345 346 15.4
345 347 12.3
345 348 15.6
345 349 1.0
345 350 12.8
345 351 2.1
345 352 17.9
345 353 16.3
345 354 18.6
345 355 4.9
345 356 10.8
345 357 7.5
345 358 16.6
345 359 6.9
345 360 15.6
345 361 14.8
345 362 3.4
345 363 6.9
345 364 4.1
345 365 1.3
345 421 14.5
345 487 10.2
346 347 17.5
346 348 13.1
346 349 1.8
346 350 13.2
346 351 2.6
346 352 6.2
346 353 7.7
346 354 10.4
346 355 11.4
346 356 15.3
346 357 11.4
346 358 13.7
346 359 15.7
346 360 17.1
346 361 6.0
346 362 1.8
346 363 15.5
346 364 1.5
346 365 7.0
346 366 1.8
346 473 15.4
347 348 17.6
347 349 3.8
347 350 18.9
347 351 12.6
347 352 14.7
347 353 18.5
347 354 12.0
347 355 7.1
347 356 14.9
347 357 2.7
347 358 4.1
347 359 18.2
347 360 12.4
347 361 8.8
347 362 8.7
347 363 8.4
347 364 11.9
347 365 8.3
347 366 9.4
347 367 19.9
347 391 12.8
347 480 17.6
348 349 7.2
348 350 13.4
348 351 9.7
348 352 13.6
348 353 12.1
348 354 9.3
348 355 17.0
348 356 9.9
348 357 16.4
348 358 11.4
348 359 19.4
348 360 19.1
348 361 10.9
348 362 14.1
348 363 13.8
348 364 5.3
348 365 12.8
348 366 7.5
348 367 15.0
348 368 8.8
349 350 17.5
349 351 2.4
349 352 7.2
349 353 14.4
349 354 18.4
349 355 8.2
349 356 13.6
349 357 19.7
349 358 17.6
349 359 9.3
349 360 17.2
349 361 12.8
349 362 12.0
349 363 17.9
349 364 8.4
349 365 15.2
349 366 15.3
349 367 4.1
349 368 3.5
349 369 9.9
349 427 8.3
349 473 2.7
349 494 19.8
350 351 8.8
350 352 10.7
350 353 2.0
350 354 4.2
350 355 3.4
350 356 19.5
350 357 15.7
350 358 12.4
350 359 7.2
350 360 1.7
350 361 19.4
350 362 8.7
350 363 9.3
350 364 6.6
350 365 18.8
350 366 2.6
350 367 9.1
350 368 1.9
350 369 18.0
350 370 10.6
350 447 13.2
350 456 3.3
350 490 3.4
351 352 7.4
351 353 18.6
351 354 1.8
351 355 15.8
351 356 8.9
351 357 13.5
351 358 3.1
351 359 4.9
351 360 7.0
351 361 9.3
351 362 3.8
351 363 5.7
351 364 6.8
351 365 6.5
351 366 6.3
351 367 13.2
351 368 7.0
351 369 12.4
351 370 3.0
351 371 6.5
351 379 8.0
352 353 2.1
352 354 16.5
352 355 4.0
352 356 13.7
352 357 2.3
352 358 12.6
352 359 16.3
352 360 14.4
352 361 16.9
352 362 18.5
352 363 9.9
352 364 12.0
352 365 17.1
352 366 10.1
352 367 16.1
352 368 17.7
352 369 8.6
352 370 9.1
352 371 11.3
352 372 11.9
352 390 9.6
352 391 13.0
352 404 7.7
352 453 19.4
352 455 12.5
352 467 18.9
353 354 4.6
353 355 15.8
353 356 18.1
353 357 10.2
353 358 1.6
353 359 19.6
353 360 8.9
353 361 13.5
353 362 4.9
353 363 15.5
353 364 15.0
353 365 6.3
353 366 8.1
353 367 7.9
353 368 17.3
353 369 6.2
353 370 1.9
353 371 2.3
353 372 7.5
353 373 10.5
353 408 15.3
354 355 16.8
354 356 12.8
354 357 3.9
354 358 11.2
354 359 15.6
354 360 5.2
354 361 8.3
354 362 9.4
354 363 4.0
354 364 3.6
354 365 18.3
354 366 15.3
354 367 19.6
354 368 4.8
354 369 19.9
354 370 1.2
354 371 5.6
354 372 15.9
354 373 15.7
354 374 15.7
354 389 11.2
354 426 6.9
354 439 10.7
355 356 9.2
355 357 4.8
355 358 13.0
355 359 4.8
355 360 6.1
355 361 8.7
355 362 3.7
355 363 1.8
355 364 8.8
355 365 19.7
355 366 4.2
355 367 11.2
355 368 14.6
355 369 10.1
355 370 1.1
355 371 12.3
355 372 5.3
355 373 1.7
355 374 18.1
355 375 13.1
355 427 14.1
356 357 3.6
356 358 2.0
356 359 11.4
356 360 15.8
356 361 1.5
356 362 18.9
356 363 14.4
356 364 1.0
356 365 9.1
356 366 8.0
356 367 12.4
356 368 17.6
356 369 10.3
356 370 16.5
356 371 7.1
356 372 2.2
356 373 6.6
356 374 12.3
356 375 7.7
356 376 2.3
356 456 15.2
357 358 15.4
357 359 1.8
357 360 10.9
357 361 16.5
357 362 15.5
357 363 18.8
357 364 10.0
357 365 18.2
357 366 1.6
357 367 6.3
357 368 12.5
357 369 1.4
357 370 7.1
357 371 8.2
357 372 2.7
357 373 7.9
357 374 7.0
357 375 1.4
357 376 1.4
357 377 19.7
358 359 5.7
358 360 9.1
358 361 4.1
358 362 2.3
358 363 9.8
358 364 2.9
358 365 17.8
358 366 14.7
358 367 15.7
358 368 8.9
358 369 3.0
358 370 8.5
358 371 17.3
358 372 2.6
358 373 8.3
358 374 4.4
358 375 8.1
358 376 3.6
358 377 1.2
358 378 15.2
358 493 15.3
359 360 17.7
359 361 17.8
359 362 11.5
359 363 12.2
359 364 15.2
359 365 2.5
359 366 13.5
359 367 12.7
359 368 4.4
359 369 10.4
359 370 8.6
359 371 15.2
359 372 15.8
359 373 8.1
359 374 15.0
359 375 4.9
359 376 4.4
359 377 15.9
359 378 7.4
359 379 9.4
359 385 8.7
359 416 6.1
360 361 3.5
360 362 18.4
360 363 10.3
360 364 9.2
360 365 16.3
360 366 14.9
360 367 6.5
360 368 2.3
360 369 7.1
360 370 11.1
360 371 15.1
360 372 19.4
360 373 3.4
360 374 8.7
360 375 5.5
360 376 4.2
360 377 13.1
360 378 19.8
360 379 9.1
360 380 14.9
361 362 8.9
361 363 8.7
361 364 4.9
361 365 1.3
361 366 5.7
361 367 7.3
361 368 18.3
361 369 19.5
361 370 12.5
361 371 4.9
361 372 6.7
361 373 5.1
361 374 10.3
361 375 12.8
361 376 6.1
361 377 3.7
361 378 11.4
361 379 12.3
361 380 8.9
361 381 11.5
361 446 3.4
362 363 6.0
362 364 1.3
362 365 9.7
362 366 1.7
362 367 3.1
362 368 16.1
362 369 14.7
362 370 18.2
362 371 10.0
362 372 4.6
362 373 6.2
362 374 1.2
362 375 10.7
362 376 17.9
362 377 4.2
362 378 16.3
362 379 2.9
362 380 16.7
362 381 14.5
362 382 7.1
362 452 19.0
363 364 13.4
363 365 12.9
363 366 10.4
363 367 3.1
363 368 14.9
363 369 13.4
363 370 15.1
363 371 10.2
363 372 9.0
363 373 3.7
363 374 2.7
363 375 10.2
363 376 10.9
363 377 1.2
363 378 19.6
363 379 16.5
363 380 17.8
363 381 7.0
363 382 12.3
363 383 14.3
364 365 7.8
364 366 16.0
364 367 11.9
364 368 7.7
364 369 7.2
364 370 15.6
364 371 14.9
364 372 9.0
364 373 5.6
364 374 9.7
364 375 18.7
364 376 12.4
364 377 16.5
364 378 11.5
364 379 18.5
364 380 10.3
364 381 3.5
364 382 13.1
364 383 17.5
364 384 3.6
364 445 4.4
364 488 13.5
365 366 13.0
365 367 12.6
365 368 3.6
365 369 17.5
365 370 3.1
365 371 4.9
365 372 2.8
365 373 19.2
365 374 8.4
365 375 19.7
365 376 15.1
365 377 9.2
365 378 16.8
365 379 8.4
365 380 6.2
365 381 6.5
365 382 19.9
365 383 7.8
365 384 4.4
365 385 8.1
366 367 14.2
366 368 13.1
366 369 15.4
366 370 12.9
366 371 2.6
366 372 18.1
366 373 8.0
366 374 19.8
366 375 3.8
366 376 2.6
366 377 6.7
366 378 9.8
366 379 17.5
366 380 19.4
366 381 7.9
366 382 2.7
366 383 18.2
366 384 1.0
366 385 16.2
366 386 19.6
366 441 3.0
367 368 10.6
367 369 17.5
367 370 10.7
367 371 17.5
367 372 11.1
367 373 10.7
367 374 9.4
367 375 14.4
367 376 7.3
367 377 14.8
367 378 18.1
367 379 7.4
367 380 8.5
367 381 6.7
367 382 6.2
367 383 3.5
367 384 5.9
367 385 18.6
367 386 4.3
367 387 7.8
367 405 12.4
367 480 17.8
368 369 9.0
368 370 6.5
368 371 2.3
368 372 3.9
368 373 15.0
368 374 6.1
368 375 8.7
368 376 6.3
368 377 5.7
368 378 13.2
368 379 16.3
368 380 2.8
368 381 12.1
368 382 8.5
368 383 12.0
368 384 3.0
368 385 11.9
368 386 7.1
368 387 15.5
368 388 17.5
368 455 8.4
369 370 13.1
369 371 11.2
369 372 5.3
369 373 3.3
369 374 9.7
369 375 17.4
369 376 3.4
369 377 15.1
369 378 11.2
369 379 9.6
369 380 8.1
369 381 15.2
369 382 14.7
369 383 13.6
369 384 1.7
369 385 8.4
369 386 5.2
369 387 18.8
369 388 1.1
369 389 19.3
369 433 6.9
370 371 8.8
370 372 6.1
370 373 12.5
370 374 14.8
370 375 18.5
370 376 17.3
370 377 7.9
370 378 3.9
370 379 18.6
370 380 4.4
370 381 19.5
370 382 8.6
370 383 5.9
370 384 15.4
370 385 8.8
370 386 14.6
370 387 15.2
370 388 3.1
370 389 4.3
370 390 10.6
370 487 9.9
371 372 5.3
371 373 9.3
371 374 16.3
371 375 2.7
371 376 2.2
371 377 10.3
371 378 13.2
371 379 14.7
371 380 19.0
371 381 10.1
371 382 15.8
371 383 12.0
371 384 3.2
371 385 13.4
371 386 12.2
371 387 5.6
371 388 2.9
371 389 9.6
371 390 5.2
371 391 7.7
372 373 4.4
372 374 5.4
372 375 10.4
372 376 12.7
372 377 18.7
372 378 19.2
372 379 2.7
372 380 18.6
372 381 13.8
372 382 19.6
372 383 4.8
372 384 16.3
372 385 1.1
372 386 19.0
372 387 4.8
372 388 12.6
372 389 13.5
372 390 14.5
372 391 17.8
372 392 17.4
372 496 19.8
373 374 2.3
373 375 15.1
373 376 17.1
373 377 15.4
373 378 14.0
373 379 9.2
373 380 16.9
373 381 6.5
373 382 4.7
373 383 10.6
373 384 8.1
373 385 1.9
373 386 14.4
373 387 9.1
373 388 12.8
373 389 1.7
373 390 13.8
373 391 8.7
373 392 9.3
373 393 7.7
373 395 10.3
373 416 12.5
374 375 5.2
374 376 5.0
374 377 6.1
374 378 13.4
374 379 4.1
374 380 2.7
374 381 7.5
374 382 4.0
374 383 19.4
374 384 3.7
374 385 1.7
374 386 18.8
374 387 3.7
374 388 6.6
374 389 17.3
374 390 12.5
374 391 9.4
374 392 19.1
374 393 14.1
374 394 13.0
374 462 11.4
374 479 6.8
375 376 12.2
375 377 7.3
375 378 18.0
375 379 17.9
375 380 17.8
375 381 14.2
375 382 12.9
375 383 9.3
375 384 2.8
375 385 17.5
375 386 7.4
375 387 6.3
375 388 8.9
375 389 8.6
375 390 4.0
375 391 10.5
375 392 9.5
375 393 11.6
375 394 18.3
375 395 18.0
375 421 9.9
375 487 18.7
375 494 14.4
376 377 12.3
376 378 3.7
376 379 18.4
376 380 9.5
376 381 6.5
376 382 13.9
376 383 7.8
376 384 2.8
376 385 8.7
376 386 6.5
376 387 5.9
376 388 15.1
376 389 9.2
376 390 5.6
376 391 3.8
376 392 13.4
376 393 15.2
376 394 16.8
376 395 3.9
376 396 14.9
376 454 2.6
376 480 7.1
376 490 11.2
376 500 11.0
377 378 11.7
377 379 3.4
377 380 7.3
377 381 1.6
377 382 11.4
377 383 2.7
377 384 4.8
377 385 4.7
377 386 5.1
377 387 6.6
377 388 2.3
377 389 8.3
377 390 13.2
377 391 6.9
377 392 1.5
377 393 11.9
377 394 6.6
377 395 13.4
377 396 6.1
377 397 5.0
377 488 16.4
378 379 11.3
378 380 9.9
378 381 12.1
378 382 1.7
378 383 5.9
378 384 9.8
378 385 11.0
378 386 19.0
378 387 9.7
378 388 14.5
378 389 19.5
378 390 12.0
378 391 10.2
378 392 10.6
378 393 14.5
378 394 10.5
378 395 10.3
378 396 11.9
378 397 14.0
378 398 19.0
379 380 10.6
379 381 11.8
379 382 19.6
379 383 8.5
379 384 3.0
379 385 13.1
379 386 19.2
379 387 17.5
379 388 12.3
379 389 2.4
379 390 13.8
379 391 13.8
379 392 5.0
379 393 17.0
379 394 9.6
379 395 16.9
379 396 5.2
379 397 8.9
379 398 10.6
379 399 17.7
380 381 14.1
380 382 19.7
380 383 17.9
380 384 11.3
380 385 9.8
380 386 14.4
380 387 19.5
380 388 13.2
380 389 19.9
380 390 1.7
380 391 10.3
380 392 10.1
380 393 6.8
380 394 13.2
380 395 8.6
380 396 9.5
380 397 17.7
380 398 19.4
380 399 16.0
380 400 1.3
380 430 8.2
381 382 17.8
381 383 2.1
381 384 8.2
381 385 10.9
381 386 3.0
381 387 11.7
381 388 2.7
381 389 2.4
381 390 17.2
381 391 8.1
381 392 3.6
381 393 11.6
381 394 11.2
381 395 4.5
381 396 13.2
381 397 5.9
381 398 13.9
381 399 10.9
381 400 8.6
381 401 20.0
381 441 10.2
382 383 4.2
382 384 17.9
382 385 5.7
382 386 4.7
382 387 2.0
382 388 11.6
382 389 16.0
382 390 15.4
382 391 5.7
382 392 4.6
382 393 8.0
382 394 11.4
382 395 15.6
382 396 10.8
382 397 7.8
382 398 6.2
382 399 2.1
382 400 18.2
382 401 6.7
382 402 12.8
382 406 12.1
383 384 10.0
383 385 5.4
383 386 9.1
383 387 3.7
383 388 8.8
383 389 3.3
383 390 17.1
383 391 7.7
383 392 5.1
383 393 8.3
383 394 17.8
383 395 16.5
383 396 17.8
383 397 9.4
383 398 9.1
383 399 10.1
383 400 2.2
383 401 7.5
383 402 9.8
383 403 11.4
383 426 9.3
384 385 9.0
384 386 18.4
384 387 11.8
384 388 9.6
384 389 13.0
384 390 6.1
384 391 8.2
384 392 4.6
384 393 5.0
384 394 1.9
384 395 7.9
384 396 11.9
384 397 7.7
384 398 11.9
384 399 2.3
384 400 15.1
384 401 15.5
384 402 19.0
384 403 14.6
384 404 1.3
384 416 4.7
384 418 9.7
385 386 4.0
385 387 5.9
385 388 4.4
385 389 1.5
385 390 17.7
385 391 2.3
385 392 16.8
385 393 8.1
385 394 5.0
385 395 17.6
385 396 8.2
385 397 19.7
385 398 2.7
385 399 19.8
385 400 4.0
385 401 16.4
385 402 7.8
385 403 12.1
385 404 1.2
385 405 14.0
385 411 8.8
385 492 12.3
386 387 8.5
386 388 11.1
386 389 5.2
386 390 16.9
386 391 2.8
386 392 11.8
386 393 10.0
386 394 15.0
386 395 2.3
386 396 3.8
386 397 13.0
386 398 11.5
386 399 17.8
386 400 11.3
386 401 9.4
386 402 12.1
386 403 8.1
386 404 14.8
386 405 14.7
386 406 17.1
387 388 18.6
387 389 3.0
387 390 11.2
387 391 18.6
387 392 3.0
387 393 4.8
387 394 9.0
387 395 9.9
387 396 13.1
387 397 8.1
387 398 3.7
387 399 17.9
387 400 19.8
387 401 16.9
387 402 18.0
387 403 18.7
387 404 11.5
387 405 14.1
387 406 8.8
387 407 14.5
387 461 4.7
388 389 12.4
388 390 2.2
388 391 12.3
388 392 18.8
388 393 19.6
388 394 17.4
388 395 17.1
388 396 2.2
388 397 5.7
388 398 19.3
388 399 1.6
388 400 10.5
388 401 14.7
388 402 4.0
388 403 10.2
388 404 8.8
388 405 15.8
388 406 8.4
388 407 6.1
388 408 18.8
388 479 12.7
389 390 6.3
389 391 18.5
389 392 6.2
389 393 11.8
389 394 6.2
389 395 12.0
389 396 6.4
389 397 15.8
389 398 4.5
389 399 16.6
389 400 6.1
389 401 13.9
389 402 2.3
389 403 12.9
389 404 11.7
389 405 16.0
389 406 1.5
389 407 4.8
389 408 14.3
389 409 17.7
389 440 6.9
389 466 19.0
389 474 16.4
390 391 8.9
390 392 6.7
390 393 5.8
390 394 11.9
390 395 12.5
390 396 18.8
390 397 9.2
390 398 16.9
390 399 12.5
390 400 12.9
390 401 10.1
390 402 15.1
390 403 8.1
390 404 18.5
390 405 2.0
390 406 4.4
390 407 11.0
390 408 11.2
390 409 3.2
390 410 18.4
391 392 4.0
391 393 15.4
391 394 5.6
391 395 11.8
391 396 10.6
391 397 17.5
391 398 12.7
391 399 7.3
391 400 9.6
391 401 18.1
391 402 11.1
391 403 2.1
391 404 11.9
391 405 18.2
391 406 10.1
391 407 13.7
391 408 19.7
391 409 8.2
391 410 3.8
391 411 17.3
391 443 1.4
392 393 14.6
392 394 7.7
392 395 1.3
392 396 1.8
392 397 12.9
392 398 1.8
392 399 14.4
392 400 17.9
392 401 5.2
392 402 11.5
392 403 4.4
392 404 8.4
392 405 3.3
392 406 11.0
392 407 5.5
392 408 3.4
392 409 11.0
392 410 4.3
392 411 13.5
392 412 15.4
393 394 11.4
393 395 3.6
393 396 7.0
393 397 17.0
393 398 1.5
393 399 17.0
393 400 8.1
393 401 4.5
393 402 17.9
393 403 16.1
393 404 1.8
393 405 16.4
393 406 11.9
393 407 13.9
393 408 15.1
393 409 12.9
393 410 1.7
393 411 19.7
393 412 14.8
393 413 19.8
393 435 11.6
393 450 15.9
393 462 11.1
394 395 5.0
394 396 13.1
394 397 3.4
394 398 10.2
394 399 15.5
394 400 13.8
394 401 10.9
394 402 12.7
394 403 4.9
394 404 17.7
394 405 10.4
394 406 1.8
394 407 16.3
394 408 10.2
394 409 11.6
394 410 15.6
394 411 6.4
394 412 9.0
394 413 18.8
394 414 9.4
394 457 12.3
395 396 11.8
395 397 8.0
395 398 13.4
395 399 15.0
395 400 12.5
395 401 7.5
395 402 17.1
395 403 3.6
395 404 4.7
395 405 10.5
395 406 7.5
395 407 2.1
395 408 2.6
395 409 13.7
395 410 10.8
395 411 2.5
395 412 15.4
395 413 6.1
395 414 16.0
395 415 18.5
396 397 2.2
396 398 19.1
396 399 2.9
396 400 8.7
396 401 11.7
396 402 8.9
396 403 3.7
396 404 12.5
396 405 17.2
396 406 6.4
396 407 13.7
396 408 12.6
396 409 6.0
396 410 1.4
396 411 4.0
396 412 13.1
396 413 2.4
396 414 10.5
396 415 9.3
396 416 9.2
397 398 9.6
397 399 18.8
397 400 16.0
397 401 14.1
397 402 8.3
397 403 12.8
397 404 10.9
397 405 1.6
397 406 4.8
397 407 5.9
397 408 9.1
397 409 13.3
397 410 3.9
397 411 14.4
397 412 15.4
397 413 19.7
397 414 8.7
397 415 1.1
397 416 8.8
397 417 3.1
398 399 15.9
398 400 14.7
398 401 14.2
398 402 5.2
398 403 3.8
398 404 1.6
398 405 5.4
398 406 18.6
398 407 1.5
398 408 7.4
398 409 17.0
398 410 1.9
398 411 13.3
398 412 17.3
398 413 3.1
398 414 13.5
398 415 2.9
398 416 8.7
398 417 5.5
398 418 16.0
398 427 19.7
399 400 18.8
399 401 14.6
399 402 4.7
399 403 14.6
399 404 12.8
399 405 19.2
399 406 17.7
399 407 13.6
399 408 4.1
399 409 12.3
399 410 19.1
399 411 5.6
399 412 5.2
399 413 10.0
399 414 3.2
399 415 15.1
399 416 13.5
399 417 7.2
399 418 3.6
399 419 7.3
399 426 14.0
400 401 18.7
400 402 19.6
400 403 14.5
400 404 14.6
400 405 3.7
400 406 4.5
400 407 6.3
400 408 10.1
400 409 6.1
400 410 14.2
400 411 18.9
400 412 5.0
400 413 2.7
400 414 7.1
400 415 10.0
400 416 4.4
400 417 8.9
400 418 10.0
400 419 17.0
400 420 1.8
400 482 5.5
401 402 3.5
401 403 7.6
401 404 18.8
401 405 7.2
401 406 8.7
401 407 3.3
401 408 19.9
401 409 14.2
401 410 9.6
401 411 7.4
401 412 17.1
401 413 17.8
401 414 8.6
401 415 17.0
401 416 9.6
401 417 15.5
401 418 7.0
401 419 4.1
401 420 6.8
401 421 11.0
401 457 14.6
402 403 17.4
402 404 9.9
402 405 15.0
402 406 15.4
402 407 15.7
402 408 5.3
402 409 2.6
402 410 3.8
402 411 18.5
402 412 17.8
402 413 17.2
402 414 13.3
402 415 10.8
402 416 12.5
402 417 12.9
402 418 4.0
402 419 4.4
402 420 10.3
402 421 14.4
402 422 10.8
402 433 1.2
402 440 9.4
402 450 2.6
403 404 19.8
403 405 1.4
403 406 9.4
403 407 19.6
403 408 7.0
403 409 15.3
403 410 14.2
403 411 8.4
403 412 8.3
403 413 8.6
403 414 14.6
403 415 17.9
403 416 11.4
403 417 10.4
403 418 7.2
403 419 19.2
403 420 9.7
403 421 5.5
403 422 1.6
403 423 3.3
404 405 3.6
404 406 8.1
404 407 3.7
404 408 11.7
404 409 1.7
404 410 5.3
404 411 3.1
404 412 1.9
404 413 13.2
404 414 10.8
404 415 8.1
404 416 4.9
404 417 16.3
404 418 13.7
404 419 4.8
404 420 1.6
404 421 18.4
404 422 17.9
404 423 7.3
404 424 10.6
404 437 19.7
405 406 13.3
405 407 6.3
405 408 13.3
405 409 14.1
405 410 6.6
405 411 13.3
405 412 10.4
405 413 17.0
405 414 19.6
405 415 19.8
405 416 3.3
405 417 4.1
405 418 10.0
405 419 11.5
405 420 5.3
405 421 12.8
405 422 1.5
405 423 10.5
405 424 6.5
405 425 16.1
406 407 2.4
406 408 18.1
406 409 4.1
406 410 5.5
406 411 18.3
406 412 10.9
406 413 3.2
406 414 11.6
406 415 10.4
406 416 18.1
406 417 9.1
406 418 15.0
406 419 10.6
406 420 14.2
406 421 5.0
406 422 9.3
406 423 18.5
406 424 2.9
406 425 4.6
406 426 19.3
406 438 18.1
407 408 7.7
407 409 19.9
407 410 6.0
407 411 3.5
407 412 17.1
407 413 6.8
407 414 16.5
407 415 5.1
407 416 5.2
407 417 7.6
407 418 11.0
407 419 5.4
407 420 2.7
407 421 15.4
407 422 16.9
407 423 1.6
407 424 14.5
407 425 8.8
407 426 12.3
407 427 17.8
407 465 6.0
408 409 1.8
408 410 6.1
408 411 14.9
408 412 2.1
408 413 18.7
408 414 14.8
408 415 10.8
408 416 6.9
408 417 6.6
408 418 14.4
408 419 12.7
408 420 12.6
408 421 18.9
408 422 4.1
408 423 4.0
408 424 19.7
408 425 19.5
408 426 3.8
408 427 8.1
408 428 3.2
408 474 7.7
409 410 10.6
409 411 5.1
409 412 3.7
409 413 4.6
409 414 8.6
409 415 4.1
409 416 14.3
409 417 1.2
409 418 16.6
409 419 15.1
409 420 7.9
409 421 15.7
409 422 16.0
409 423 14.9
409 424 6.6
409 425 16.9
409 426 5.7
409 427 14.9
409 428 18.3
409 429 7.3
409 461 9.8
410 411 11.8
410 412 4.5
410 413 15.7
410 414 2.4
410 415 7.9
410 416 14.5
410 417 14.4
410 418 11.0
410 419 11.3
410 420 10.8
410 421 17.1
410 422 6.1
410 423 4.1
410 424 14.1
410 425 7.4
410 426 12.7
410 427 3.5
410 428 7.5
410 429 6.1
410 430 2.4
410 493 16.5
411 412 12.8
411 413 11.2
411 414 13.1
411 415 7.6
411 416 13.9
411 417 12.2
411 418 17.7
411 419 2.3
411 420 18.1
411 421 5.7
411 422 10.4
411 423 14.8
411 424 5.5
411 425 8.8
411 426 9.6
411 427 15.6
411 428 1.7
411 429 5.1
411 430 4.6
411 431 2.0
412 413 17.1
412 414 2.9
412 415 14.5
412 416 7.3
412 417 9.4
412 418 9.4
412 419 14.0
412 420 10.0
412 421 19.8
412 422 3.4
412 423 10.9
412 424 1.3
412 425 5.7
412 426 5.0
412 427 2.7
412 428 10.7
412 429 1.8
412 430 16.2
412 431 19.9
412 432 6.3
412 454 4.7
412 456 4.3
413 414 1.2
413 415 17.3
413 416 17.8
413 417 7.5
413 418 15.9
413 419 9.2
413 420 6.4
413 421 18.7
413 422 2.8
413 423 10.4
413 424 17.5
413 425 8.6
413 426 12.4
413 427 10.8
413 428 2.8
413 429 15.3
413 430 11.6
413 431 19.7
413 432 12.2
413 433 5.3
413 457 12.9
413 497 7.6
413 498 5.8
414 415 18.9
414 416 13.2
414 417 19.8
414 418 6.9
414 419 9.6
414 420 13.5
414 421 1.1
414 422 13.4
414 423 5.8
414 424 13.1
414 425 2.3
414 426 10.8
414 427 12.3
414 428 14.7
414 429 12.1
414 430 10.2
414 431 5.4
414 432 11.8
414 433 1.6
414 434 13.7
414 499 6.0
415 416 8.4
415 417 19.1
415 418 4.6
415 419 12.6
415 420 6.5
415 421 8.9
415 422 14.7
415 423 10.5
415 424 19.5
415 425 12.2
415 426 14.5
415 427 9.7
415 428 4.7
415 429 6.0
415 430 14.1
415 431 7.8
415 432 16.4
415 433 13.1
415 434 7.6
415 435 1.4
415 453 17.9
416 417 17.7
416 418 2.1
416 419 18.4
416 420 17.4
416 421 11.9
416 422 2.6
416 423 6.6
416 424 7.5
416 425 3.2
416 426 9.5
416 427 2.4
416 428 7.3
416 429 17.4
416 430 17.9
416 431 9.4
416 432 5.6
416 433 19.2
416 434 1.8
416 435 2.3
416 436 16.7
416 471 16.7
417 418 1.2
417 419 3.7
417 420 17.6
417 421 2.6
417 422 1.4
417 423 4.7
417 424 5.4
417 425 10.7
417 426 2.9
417 427 2.0
417 428 8.4
417 429 3.7
417 430 19.5
417 431 9.5
417 432 1.5
417 433 3.2
417 434 18.5
417 435 16.9
417 436 3.8
417 437 5.2
417 448 10.9
418 419 15.9
418 420 6.1
418 421 7.1
418 422 6.5
418 423 13.2
418 424 18.2
418 425 19.7
418 426 14.3
418 427 15.9
418 428 1.8
418 429 19.1
418 430 4.4
418 431 17.3
418 432 20.0
418 433 12.2
418 434 9.9
418 435 1.3
418 436 5.6
418 437 6.1
418 438 12.1
418 453 6.0
419 420 10.7
419 421 13.5
419 422 9.1
419 423 14.9
419 424 5.6
419 425 6.9
419 426 15.9
419 427 19.7
419 428 12.2
419 429 15.4
419 430 1.3
419 431 1.1
419 432 18.3
419 433 6.3
419 434 18.9
419 435 7.1
419 436 6.2
419 437 4.0
419 438 17.0
419 439 10.6
420 421 17.3
420 422 14.8
420 423 6.4
420 424 1.7
420 425 3.4
420 426 18.9
420 427 19.7
420 428 19.5
420 429 8.8
420 430 7.6
420 431 10.0
420 432 18.7
420 433 14.9
420 434 2.6
420 435 4.6
420 436 2.8
420 437 7.7
420 438 13.2
420 439 9.2
420 440 2.0
421 422 15.7
421 423 13.1
421 424 2.2
421 425 8.9
421 426 15.6
421 427 3.4
421 428 17.7
421 429 15.2
421 430 1.4
421 431 4.8
421 432 3.9
421 433 13.5
421 434 7.1
421 435 18.3
421 436 10.7
421 437 8.0
421 438 9.6
421 439 8.7
421 440 9.7
421 441 19.5
421 474 17.4
422 423 14.3
422 424 18.9
422 425 16.7
422 426 9.4
422 427 6.3
422 428 11.0
422 429 9.7
422 430 3.1
422 431 6.1
422 432 12.2
422 433 11.5
422 434 7.0
422 435 17.1
422 436 19.0
422 437 12.5
422 438 9.1
422 439 17.9
422 440 18.8
422 441 11.6
422 442 7.9
423 424 16.7
423 425 5.6
423 426 9.4
423 427 2.3
423 428 2.4
423 429 10.8
423 430 9.4
423 431 15.5
423 432 4.8
423 433 7.8
423 434 14.0
423 435 7.5
423 436 14.9
423 437 19.0
423 438 18.0
423 439 12.9
423 440 2.5
423 441 16.4
423 442 18.2
423 443 13.8
423 458 2.6
424 425 1.4
424 426 5.1
424 427 10.6
424 428 13.1
424 429 10.9
424 430 13.6
424 431 5.1
424 432 16.4
424 433 5.7
424 434 19.9
424 435 7.6
424 436 3.6
424 437 5.2
424 438 12.0
424 439 16.8
424 440 8.5
424 441 19.4
424 442 18.9
424 443 12.3
424 444 2.1
425 426 17.1
425 427 6.7
425 428 6.2
425 429 3.8
425 430 5.6
425 431 6.4
425 432 3.4
425 433 13.1
425 434 4.9
425 435 9.4
425 436 12.1
425 437 16.7
425 438 7.3
425 439 14.7
425 440 19.0
425 441 17.0
425 442 7.5
425 443 19.4
425 444 4.0
425 445 14.7
426 427 12.2
426 428 18.6
426 429 4.4
426 430 2.3
426 431 12.2
426 432 9.3
426 433 5.4
426 434 8.4
426 435 9.9
426 436 17.2
426 437 4.1
426 438 7.1
426 439 8.0
426 440 3.5
426 441 5.4
426 442 2.4
426 443 19.4
426 444 10.6
426 445 17.1
426 446 6.0
427 428 13.9
427 429 8.3
427 430 1.6
427 431 8.6
427 432 14.6
427 433 15.1
427 434 1.3
427 435 13.9
427 436 2.0
427 437 16.8
427 438 6.8
427 439 17.2
427 440 17.4
427 441 17.5
427 442 18.1
427 443 18.3
427 444 11.3
427 445 18.2
427 446 4.0
427 447 6.4
428 429 3.3
428 430 3.6
428 431 13.1
428 432 1.9
428 433 5.6
428 434 12.1
428 435 18.1
428 436 5.8
428 437 4.1
428 438 15.9
428 439 8.4
428 440 15.7
428 441 10.5
428 442 13.8
428 443 17.8
428 444 13.9
428 445 17.6
428 446 5.2
428 447 12.5
428 448 6.4
428 488 5.9
429 430 16.9
429 431 9.6
429 432 18.6
429 433 11.6
429 434 6.4
429 435 9.3
429 436 17.0
429 437 1.9
429 438 6.0
429 439 15.3
429 440 13.0
429 441 16.9
429 442 15.3
429 443 5.9
429 444 11.8
429 445 12.5
429 446 2.7
429 447 14.8
429 448 16.0
429 449 13.7
430 431 19.7
430 432 16.7
430 433 15.8
430 434 19.7
430 435 4.3
430 436 14.5
430 437 8.7
430 438 13.0
430 439 12.3
430 440 3.0
430 441 9.8
430 442 2.4
430 443 16.2
430 444 3.2
430 445 18.6
430 446 3.4
430 447 5.4
430 448 5.0
430 449 11.1
430 450 15.4
431 432 9.2
431 433 11.6
431 434 5.7
431 435 2.1
431 436 12.6
431 437 17.3
431 438 1.2
431 439 6.5
431 440 18.1
431 441 5.0
431 442 10.3
431 443 17.5
431 444 14.2
431 445 8.5
431 446 14.9
431 447 15.7
431 448 4.5
431 449 4.2
431 450 11.2
431 451 9.9
432 433 6.6
432 434 1.3
432 435 12.2
432 436 8.5
432 437 16.3
432 438 2.9
432 439 15.4
432 440 9.9
432 441 3.2
432 442 7.3
432 443 14.5
432 444 14.0
432 445 14.7
432 446 10.0
432 447 9.3
432 448 18.6
432 449 8.7
432 450 6.6
432 451 5.5
432 452 13.4
432 484 11.6
433 434 5.5
433 435 2.7
433 436 18.4
433 437 15.1
433 438 8.3
433 439 2.6
433 440 18.6
433 441 1.4
433 442 16.4
433 443 10.1
433 444 8.1
433 445 7.6
433 446 1.5
433 447 17.9
433 448 8.3
433 449 1.9
433 450 18.2
433 451 7.0
433 452 14.7
433 453 7.4
434 435 16.7
434 436 13.8
434 437 2.0
434 438 1.0
434 439 1.9
434 440 11.0
434 441 14.0
434 442 1.8
434 443 16.4
434 444 3.2
434 445 6.8
434 446 14.0
434 447 18.6
434 448 9.4
434 449 19.0
434 450 14.2
434 451 13.5
434 452 12.4
434 453 19.8
434 454 5.5
435 436 12.5
435 437 16.0
435 438 5.2
435 439 15.0
435 440 18.6
435 441 10.8
435 442 7.2
435 443 9.0
435 444 17.3
435 445 9.6
435 446 2.9
435 447 5.5
435 448 13.1
435 449 6.8
435 450 19.1
435 451 7.1
435 452 9.7
435 453 3.1
435 454 14.0
435 455 12.5
435 497 2.1
436 437 7.4
436 438 2.2
436 439 13.5
436 440 8.5
436 441 14.1
436 442 8.8
436 443 17.7
436 444 15.1
436 445 11.1
436 446 15.4
436 447 1.2
436 448 6.8
436 449 11.3
436 450 2.5
436 451 11.9
436 452 18.5
436 453 14.5
436 454 10.3
436 455 18.5
436 456 2.3
437 438 6.3
437 439 2.4
437 440 16.6
437 441 17.1
437 442 10.3
437 443 16.6
437 444 18.3
437 445 6.8
437 446 9.5
437 447 7.7
437 448 6.9
437 449 9.7
437 450 19.7
437 451 6.2
437 452 7.2
437 453 4.3
437 454 1.4
437 455 13.4
437 456 1.9
437 457 4.5
437 463 2.9
438 439 15.9
438 440 8.1
438 441 18.3
438 442 19.6
438 443 9.5
438 444 7.2
438 445 19.5
438 446 15.7
438 447 18.9
438 448 10.6
438 449 7.4
438 450 19.2
438 451 16.5
438 452 4.3
438 453 5.6
438 454 14.6
438 455 5.3
438 456 3.7
438 457 5.8
438 458 13.1
439 440 1.8
439 441 19.4
439 442 16.8
439 443 18.7
439 444 17.7
439 445 1.2
439 446 2.2
439 447 9.4
439 448 10.2
439 449 12.1
439 450 12.6
439 451 19.7
439 452 13.2
439 453 7.4
439 454 16.7
439 455 18.8
439 456 8.7
439 457 13.2
439 458 9.8
439 459 1.9
440 441 10.0
440 442 2.0
440 443 17.7
440 444 8.4
440 445 16.1
440 446 14.4
440 447 4.1
440 448 10.3
440 449 8.1
440 450 5.8
440 451 7.2
440 452 19.9
440 453 17.8
440 454 1.6
440 455 4.8
440 456 7.6
440 457 13.4
440 458 16.7
440 459 13.6
440 460 17.5
440 482 14.3
441 442 7.4
441 443 1.7
441 444 3.8
441 445 18.2
441 446 18.8
441 447 11.7
441 448 16.2
441 449 14.0
441 450 3.8
441 451 3.5
441 452 19.7
441 453 11.7
441 454 4.6
441 455 13.7
441 456 13.9
441 457 15.9
441 458 19.4
441 459 17.2
441 460 6.3
441 461 12.8
441 485 5.4
441 489 6.6
442 443 11.9
442 444 8.4
442 445 1.5
442 446 9.9
442 447 8.5
442 448 11.4
442 449 13.2
442 450 10.9
442 451 1.0
442 452 3.4
442 453 16.5
442 454 14.0
442 455 6.1
442 456 19.3
442 457 5.2
442 458 1.9
442 459 5.5
442 460 13.3
442 461 10.1
442 462 12.8
442 466 1.8
442 468 2.2
442 469 2.4
443 444 7.7
443 445 10.1
443 446 3.8
443 447 2.7
443 448 2.2
443 449 19.5
443 450 11.4
443 451 16.7
443 452 18.9
443 453 13.0
443 454 16.9
443 455 11.5
443 456 4.9
443 457 16.6
443 458 7.1
443 459 10.7
443 460 18.0
443 461 12.0
443 462 14.2
443 463 8.8
444 445 6.5
444 446 4.4
444 447 2.4
444 448 15.1
444 449 4.6
444 450 7.4
444 451 9.6
444 452 14.4
444 453 10.3
444 454 1.8
444 455 13.6
444 456 17.9
444 457 19.5
444 458 5.0
444 459 9.5
444 460 9.6
444 461 18.1
444 462 2.2
444 463 10.9
444 464 13.1
444 471 8.2
444 478 6.5
445 446 5.6
445 447 14.0
445 448 14.9
445 449 6.8
445 450 10.6
445 451 18.8
445 452 10.6
445 453 11.6
445 454 15.2
445 455 2.8
445 456 13.1
445 457 15.5
445 458 19.8
445 459 7.0
445 460 17.3
445 461 4.5
445 462 19.9
445 463 6.6
445 464 15.4
445 465 18.4
446 447 12.5
446 448 5.3
446 449 8.0
446 450 13.9
446 451 3.2
446 452 15.4
446 453 11.0
446 454 17.6
446 455 6.8
446 456 11.0
446 457 14.3
446 458 15.2
446 459 4.2
446 460 8.6
446 461 8.3
446 462 7.5
446 463 4.7
446 464 17.2
446 465 7.0
446 466 8.7
447 448 2.2
447 449 12.8
447 450 2.1
447 451 1.5
447 452 1.5
447 453 5.5
447 454 13.3
447 455 17.3
447 456 10.2
447 457 4.8
447 458 10.9
447 459 18.6
447 460 2.9
447 461 17.2
447 462 2.7
447 463 2.6
447 464 4.7
447 465 19.0
447 466 8.0
447 467 11.4
447 475 2.9
448 449 6.8
448 450 1.8
448 451 5.3
448 452 11.4
448 453 9.9
448 454 15.3
448 455 10.8
448 456 18.6
448 457 20.0
448 458 8.8
448 459 10.0
448 460 16.8
448 461 18.1
448 462 8.5
448 463 5.4
448 464 3.9
448 465 5.2
448 466 11.6
448 467 12.2
448 468 8.5
449 450 7.4
449 451 7.8
449 452 20.0
449 453 19.9
449 454 14.3
449 455 18.1
449 456 18.0
449 457 14.9
449 458 10.0
449 459 2.3
449 460 11.6
449 461 18.0
449 462 10.4
449 463 11.4
449 464 6.9
449 465 13.8
449 466 6.7
449 467 2.1
449 468 10.7
449 469 10.5
450 451 20.0
450 452 16.1
450 453 3.3
450 454 11.6
450 455 14.4
450 456 11.2
450 457 17.7
450 458 3.4
450 459 17.3
450 460 17.9
450 461 18.6
450 462 10.0
450 463 14.5
450 464 18.8
450 465 2.3
450 466 18.4
450 467 2.2
450 468 13.2
450 469 17.3
450 470 18.5
451 452 6.7
451 453 5.0
451 454 6.4
451 455 7.7
451 456 2.1
451 457 2.4
451 458 17.0
451 459 18.0
451 460 1.8
451 461 4.4
451 462 5.1
451 463 9.5
451 464 12.9
451 465 13.8
451 466 8.4
451 467 17.4
451 468 5.0
451 469 7.4
451 470 11.0
451 471 1.1
452 453 18.9
452 454 8.3
452 455 3.5
452 456 9.2
452 457 11.7
452 458 15.1
452 459 7.0
452 460 13.8
452 461 6.0
452 462 15.6
452 463 14.2
452 464 7.1
452 465 2.9
452 466 5.3
452 467 4.3
452 468 2.7
452 469 4.9
452 470 4.1
452 471 15.8
452 472 3.1
453 454 17.7
453 455 9.8
453 456 16.0
453 457 10.2
453 458 17.1
453 459 6.5
453 460 16.4
453 461 19.5
453 462 19.2
453 463 7.0
453 464 3.4
453 465 12.4
453 466 16.3
453 467 6.8
453 468 2.3
453 469 18.2
453 470 5.8
453 471 6.7
453 472 5.6
453 473 19.7
454 455 5.1
454 456 9.1
454 457 13.5
454 458 16.2
454 459 8.7
454 460 2.1
454 461 10.2
454 462 13.1
454 463 7.7
454 464 16.3
454 465 11.8
454 466 7.8
454 467 8.8
454 468 14.3
454 469 9.4
454 470 14.0
454 471 3.4
454 472 13.0
454 473 3.1
454 474 7.4
455 456 3.4
455 457 19.7
455 458 15.9
455 459 19.2
455 460 14.5
455 461 8.4
455 462 16.2
455 463 3.5
455 464 19.6
455 465 10.2
455 466 15.8
455 467 11.7
455 468 1.0
455 469 12.3
455 470 5.1
455 471 5.8
455 472 17.5
455 473 13.1
455 474 4.2
455 475 11.3
456 457 18.9
456 458 13.0
456 459 14.9
456 460 3.4
456 461 6.1
456 462 9.9
456 463 12.1
456 464 18.5
456 465 1.8
456 466 1.0
456 467 17.1
456 468 6.7
456 469 2.6
456 470 18.9
456 471 1.7
456 472 15.7
456 473 14.5
456 474 9.7
456 475 4.7
456 476 10.0
457 458 16.4
457 459 10.7
457 460 4.6
457 461 12.8
457 462 10.1
457 463 7.0
457 464 10.4
457 465 13.8
457 466 5.0
457 467 1.7
457 468 10.7
457 469 7.7
457 470 6.7
457 471 11.2
457 472 16.0
457 473 7.1
457 474 7.4
457 475 2.1
457 476 17.4
457 477 18.1
458 459 14.8
458 460 8.1
458 461 3.5
458 462 6.4
458 463 14.0
458 464 15.4
458 465 18.3
458 466 19.3
458 467 8.7
458 468 4.9
458 469 6.5
458 470 15.3
458 471 8.9
458 472 19.8
458 473 6.4
458 474 9.8
458 475 7.7
458 476 2.0
458 477 16.0
458 478 9.6
459 460 13.5
459 461 4.4
459 462 17.7
459 463 11.0
459 464 14.5
459 465 3.8
459 466 14.5
459 467 4.6
459 468 17.3
459 469 9.7
459 470 5.5
459 471 17.1
459 472 18.2
459 473 17.5
459 474 9.3
459 475 17.1
459 476 17.0
459 477 11.4
459 478 1.3
459 479 9.0
460 461 11.3
460 462 12.9
460 463 4.8
460 464 4.8
460 465 9.0
460 466 3.3
460 467 12.4
460 468 4.8
460 469 15.0
460 470 16.9
460 471 9.7
460 472 15.6
460 473 19.0
460 474 12.3
460 475 11.4
460 476 8.6
460 477 19.5
460 478 1.9
460 479 16.3
460 480 13.2
461 462 18.5
461 463 14.6
461 464 1.5
461 465 2.4
461 466 17.8
461 467 2.8
461 468 3.3
461 469 7.9
461 470 19.1
461 471 1.4
461 472 9.7
461 473 16.0
461 474 18.3
461 475 19.9
461 476 3.1
461 477 12.6
461 478 13.7
461 479 15.4
461 480 19.0
461 481 9.2
461 497 19.9
462 463 18.9
462 464 9.5
462 465 16.0
462 466 13.2
462 467 5.8
462 468 6.5
462 469 11.1
462 470 8.1
462 471 6.4
462 472 10.1
462 473 19.3
462 474 4.7
462 475 4.9
462 476 20.0
462 477 9.0
462 478 2.9
462 479 1.1
462 480 4.4
462 481 15.8
462 482 2.4
463 464 4.4
463 465 12.3
463 466 8.4
463 467 8.6
463 468 2.5
463 469 14.3
463 470 12.3
463 471 8.0
463 472 11.0
463 473 4.8
463 474 4.5
463 475 2.9
463 476 3.5
463 477 15.8
463 478 5.1
463 479 3.1
463 480 18.3
463 481 15.7
463 482 9.0
463 483 17.6
463 495 17.0
464 465 10.9
464 466 4.8
464 467 12.4
464 468 5.5
464 469 13.8
464 470 17.3
464 471 17.1
464 472 3.3
464 473 11.6
464 474 19.6
464 475 18.9
464 476 11.4
464 477 4.4
464 478 3.3
464 479 13.8
464 480 5.2
464 481 3.3
464 482 17.0
464 483 2.5
464 484 3.5
464 495 2.4
465 466 3.6
465 467 1.6
465 468 10.6
465 469 9.0
465 470 16.8
465 471 13.3
465 472 9.5
465 473 11.6
465 474 14.4
465 475 5.2
465 476 15.4
465 477 6.9
465 478 19.0
465 479 18.8
465 480 13.2
465 481 10.1
465 482 14.2
465 483 14.4
465 484 11.5
465 485 19.4
465 487 12.4
466 467 9.0
466 468 12.4
466 469 15.3
466 470 11.7
466 471 13.3
466 472 17.7
466 473 19.6
466 474 4.0
466 475 7.3
466 476 10.3
466 477 3.5
466 478 5.0
466 479 17.7
466 480 15.3
466 481 7.7
466 482 11.2
466 483 12.6
466 484 15.3
466 485 17.0
466 486 19.2
467 468 4.6
467 469 8.1
467 470 16.2
467 471 7.9
467 472 12.0
467 473 4.5
467 474 11.0
467 475 12.5
467 476 11.4
467 477 6.7
467 478 1.9
467 479 1.6
467 480 18.5
467 481 2.1
467 482 6.2
467 483 9.3
467 484 16.8
467 485 19.1
467 486 10.8
467 487 12.3
468 469 5.8
468 470 15.8
468 471 16.4
468 472 16.2
468 473 16.6
468 474 2.6
468 475 1.9
468 476 18.6
468 477 14.2
468 478 20.0
468 479 15.0
468 480 8.4
468 481 9.4
468 482 10.8
468 483 17.9
468 484 16.4
468 485 2.3
468 486 15.3
468 487 10.6
468 488 10.3
469 470 19.2
469 471 4.9
469 472 12.9
469 473 6.8
469 474 1.4
469 475 11.2
469 476 17.5
469 477 3.0
469 478 5.2
469 479 8.3
469 480 6.7
469 481 8.3
469 482 18.6
469 483 15.6
469 484 11.3
469 485 2.4
469 486 1.6
469 487 10.3
469 488 7.7
469 489 3.3
470 471 8.9
470 472 5.6
470 473 17.9
470 474 12.7
470 475 12.8
470 476 8.5
470 477 2.3
470 478 7.4
470 479 9.0
470 480 4.7
470 481 16.7
470 482 13.1
470 483 7.7
470 484 12.4
470 485 4.6
470 486 1.6
470 487 2.7
470 488 1.0
470 489 15.4
470 490 15.3
471 472 10.3
471 473 19.6
471 474 15.0
471 475 5.7
471 476 16.3
471 477 10.1
471 478 1.5
471 479 15.0
471 480 4.0
471 481 13.9
471 482 14.5
471 483 19.2
471 484 5.6
471 485 4.7
471 486 5.5
471 487 14.9
471 488 4.0
471 489 19.0
471 490 13.4
471 491 16.4
472 473 19.3
472 474 8.3
472 475 13.1
472 476 14.2
472 477 13.1
472 478 7.9
472 479 9.3
472 480 17.0
472 481 13.7
472 482 10.0
472 483 11.0
472 484 1.8
472 485 12.1
472 486 19.4
472 487 17.4
472 488 3.5
472 489 17.4
472 490 3.5
472 491 5.9
472 492 8.1
473 474 12.9
473 475 8.7
473 476 2.4
473 477 1.9
473 478 12.3
473 479 19.4
473 480 6.9
473 481 13.3
473 482 3.2
473 483 12.8
473 484 6.1
473 485 5.7
473 486 3.9
473 487 1.2
473 488 17.9
473 489 15.6
473 490 14.8
473 491 12.9
473 492 5.7
473 493 8.6
473 499 4.1
474 475 8.9
474 476 17.6
474 477 8.2
474 478 1.8
474 479 7.3
474 480 2.0
474 481 17.6
474 482 16.1
474 483 5.6
474 484 7.3
474 485 11.2
474 486 7.4
474 487 2.4
474 488 2.6
474 489 16.7
474 490 6.7
474 491 13.6
474 492 8.5
474 493 14.3
474 494 13.3
475 476 17.0
475 477 2.6
475 478 4.6
475 479 18.0
475 480 10.0
475 481 2.9
475 482 17.7
475 483 18.2
475 484 12.9
475 485 9.8
475 486 15.3
475 487 13.4
475 488 5.0
475 489 9.6
475 490 2.1
475 491 7.0
475 492 6.0
475 493 6.8
475 494 1.5
475 495 1.1
476 477 11.3
476 478 16.4
476 479 1.9
476 480 5.4
476 481 19.8
476 482 19.9
476 483 17.7
476 484 12.1
476 485 8.1
476 486 5.1
476 487 11.3
476 488 12.1
476 489 7.4
476 490 16.7
476 491 16.8
476 492 9.2
476 493 5.1
476 494 15.3
476 495 16.8
476 496 13.7
477 478 17.4
477 479 5.4
477 480 3.9
477 481 16.9
477 482 4.2
477 483 6.4
477 484 7.9
477 485 18.4
477 486 19.5
477 487 7.3
477 488 3.1
477 489 10.1
477 490 3.2
477 491 9.9
477 492 10.2
477 493 15.7
477 494 1.7
477 495 9.7
477 496 10.6
477 497 15.4
478 479 7.1
478 480 18.8
478 481 12.4
478 482 10.7
478 483 8.3
478 484 3.7
478 485 2.6
478 486 16.8
478 487 16.8
478 488 2.0
478 489 17.7
478 490 1.2
478 491 14.5
478 492 11.2
478 493 6.6
478 494 1.8
478 495 2.8
478 496 16.4
478 497 2.2
478 498 13.1
479 480 10.4
479 481 19.0
479 482 2.4
479 483 12.2
479 484 3.1
479 485 1.7
479 486 17.3
479 487 1.6
479 488 8.1
479 489 9.4
479 490 16.9
479 491 13.3
479 492 1.8
479 493 6.4
479 494 17.2
479 495 1.8
479 496 3.8
479 497 18.9
479 498 10.2
479 499 16.9
480 481 14.0
480 482 1.4
480 483 6.2
480 484 1.8
480 485 14.3
480 486 11.8
480 487 15.5
480 488 3.4
480 489 1.3
480 490 15.1
480 491 15.1
480 492 5.1
480 493 13.2
480 494 16.3
480 495 7.0
480 496 16.3
480 497 14.4
480 498 15.1
480 499 2.9
480 500 9.3
481 482 18.3
481 483 12.2
481 484 2.5
481 485 8.1
481 486 7.7
481 487 10.8
481 488 3.1
481 489 5.4
481 490 11.5
481 491 3.4
481 492 8.2
481 493 19.7
481 494 12.2
481 495 10.6
481 496 7.0
481 497 2.6
481 498 15.0
481 499 1.4
481 500 14.4
482 483 4.1
482 484 16.5
482 485 12.4
482 486 17.0
482 487 15.8
482 488 3.0
482 489 14.6
482 490 17.2
482 491 13.9
482 492 19.0
482 493 13.1
482 494 1.2
482 495 2.6
482 496 19.3
482 497 4.8
482 498 14.2
482 499 18.8
482 500 3.8
483 484 11.3
483 485 7.2
483 486 8.9
483 487 2.5
483 488 8.3
483 489 13.8
483 490 7.8
483 491 19.7
483 492 18.8
483 493 12.5
483 494 2.3
483 495 8.1
483 496 5.6
483 497 5.5
483 498 5.0
483 499 18.5
483 500 11.0
484 485 18.8
484 486 8.9
484 487 16.0
484 488 1.1
484 489 4.0
484 490 7.1
484 491 8.8
484 492 4.3
484 493 5.4
484 494 12.3
484 495 19.3
484 496 9.9
484 497 6.5
484 498 18.0
484 499 9.1
484 500 12.6
485 486 17.4
485 487 9.5
485 488 8.9
485 489 1.9
485 490 4.5
485 491 2.9
485 492 16.5
485 493 7.4
485 494 17.3
485 495 5.8
485 496 15.5
485 497 19.1
485 498 18.1
485 499 8.3
485 500 2.0
486 487 16.3
486 488 17.3
486 489 5.7
486 490 2.8
486 491 5.4
486 492 2.5
486 493 3.5
486 494 2.2
486 495 4.0
486 496 6.2
486 497 6.9
486 498 7.3
486 499 4.3
486 500 17.2
487 488 7.3
487 489 2.9
487 490 14.6
487 491 7.7
487 492 18.5
487 493 1.0
487 494 11.1
487 495 7.7
487 496 9.1
487 497 12.6
487 498 11.7
487 499 15.2
487 500 4.8
488 489 5.7
488 490 15.4
488 491 19.6
488 492 19.6
488 493 16.7
488 494 16.0
488 495 8.5
488 496 19.5
488 497 15.1
488 498 3.4
488 499 17.8
488 500 14.4
489 490 14.1
489 491 12.1
489 492 10.5
489 493 3.8
489 494 10.0
489 495 16.9
489 496 14.4
489 497 1.8
489 498 2.5
489 499 4.1
489 500 8.3
490 491 12.6
490 492 7.2
490 493 6.2
490 494 2.7
490 495 11.7
490 496 17.1
490 497 13.2
490 498 15.6
490 499 7.3
490 500 3.5
491 492 7.6
491 493 15.8
491 494 11.7
491 495 10.0
491 496 19.9
491 497 17.4
491 498 8.0
491 499 4.8
491 500 17.5
492 493 19.3
492 494 18.2
492 495 17.5
492 496 9.4
492 497 7.5
492 498 8.5
492 499 16.9
492 500 16.2
493 494 8.5
493 495 5.5
493 496 7.4
493 497 11.9
493 498 2.1
493 499 2.1
493 500 18.6
494 495 12.0
494 496 8.0
494 497 19.1
494 498 13.7
494 499 9.9
494 500 11.2
495 496 18.5
495 497 18.4
495 498 7.8
495 499 2.2
495 500 17.0
496 497 5.5
496 498 3.8
496 499 17.9
496 500 12.5
497 498 15.6
497 499 3.0
497 500 3.9
498 499 8.8
498 500 5.3
499 500 12.1
